{
  "name": "Elmwood Park",
  "state": "New Jersey",
  "state_abbr": "NJ",
  "county": null,
  "population": 18805,
  "slug": "elmwood-park-nj",
  "businesses": [
    {
      "name": "Wells Fargo",
      "category": "Bank",
      "address": "Elmwood Park, NJ",
      "phone": "",
      "email": "",
      "website": "",
      "hours": "",
      "rating": null,
      "review_count": null,
      "claimed": false,
      "featured": false
    },
    {
      "name": "Sanzari Construction",
      "category": "Business",
      "address": "Elmwood Park, NJ",
      "phone": "",
      "email": "",
      "website": "",
      "hours": "",
      "rating": null,
      "review_count": null,
      "claimed": false,
      "featured": false
    },
    {
      "name": "Enterprise",
      "category": "Car Dealership",
      "address": "Elmwood Park, NJ",
      "phone": "",
      "email": "",
      "website": "",
      "hours": "",
      "rating": null,
      "review_count": null,
      "claimed": false,
      "featured": false
    },
    {
      "name": "Phillips Eye Specialists",
      "category": "Doctor",
      "address": "619 River Drive, Elmwood Park, NJ 07407",
      "phone": "",
      "email": "",
      "website": "https://www.phillipseye.com/",
      "hours": "Mo-Fr 07:30-17:00; Sa-Su off",
      "rating": null,
      "review_count": null,
      "claimed": false,
      "featured": false
    },
    {
      "name": "Domino's",
      "category": "Fast Food",
      "address": "430 Market Street, Elmwood Park, NJ 07407",
      "phone": "+1 201-354-1010",
      "email": "",
      "website": "https://pizza.dominos.com/new-jersey/elmwood-park/430-market-st",
      "hours": "Mo-Th 10:30-24:00; Fr-Sa 10:30-01:00; Su 10:30-24:00",
      "rating": null,
      "review_count": null,
      "claimed": false,
      "featured": false
    },
    {
      "name": "Dunkin'",
      "category": "Fast Food",
      "address": "527 River Drive, Elmwood Park, NJ 07407",
      "phone": "+1 201-791-3113",
      "email": "",
      "website": "https://locations.dunkindonuts.com/en/nj/elmwood-park/527-river-dr/352033",
      "hours": "Mo-Sa 05:00-21:00; Su 06:00-21:00",
      "rating": null,
      "review_count": null,
      "claimed": false,
      "featured": false
    },
    {
      "name": "Dunkin'",
      "category": "Fast Food",
      "address": "463 Market Street, Elmwood Park, NJ 07407",
      "phone": "+1 201-797-6962",
      "email": "",
      "website": "https://locations.dunkindonuts.com/en/nj/elmwood-park/463-market-st/353842",
      "hours": "05:00-22:00",
      "rating": null,
      "review_count": null,
      "claimed": false,
      "featured": false
    },
    {
      "name": "Dunkin'",
      "category": "Fast Food",
      "address": "213 Highway 46, Elmwood Park, NJ 07407",
      "phone": "+1 201-797-0135",
      "email": "",
      "website": "https://locations.dunkindonuts.com/en/nj/elmwood-park/213-us-highway-46/308522",
      "hours": "Mo-Sa 05:00-21:00; Su 05:30-21:00",
      "rating": null,
      "review_count": null,
      "claimed": false,
      "featured": false
    },
    {
      "name": "Dunkin'",
      "category": "Fast Food",
      "address": "Elmwood Park, NJ 07407",
      "phone": "+1 201-791-4880",
      "email": "",
      "website": "https://locations.dunkindonuts.com/en/nj/elmwood-park/210-us-46/338615",
      "hours": "Mo-Sa 05:00-22:00; Su 06:00-22:00",
      "rating": null,
      "review_count": null,
      "claimed": false,
      "featured": false
    },
    {
      "name": "Subway",
      "category": "Fast Food",
      "address": "505 Boulevard, Elmwood Park, NJ 07407",
      "phone": "+1 201-703-8811",
      "email": "",
      "website": "https://restaurants.subway.com/united-states/nj/elmwood-park/505-boulevard-plaza",
      "hours": "09:00-22:00",
      "rating": null,
      "review_count": null,
      "claimed": false,
      "featured": false
    },
    {
      "name": "Taco Bell",
      "category": "Fast Food",
      "address": "622 Market Street, Elmwood Park, NJ 07407",
      "phone": "+1 201-468-9994",
      "email": "",
      "website": "https://locations.tacobell.com/nj/elmwood-park/622-market-street.html",
      "hours": "Mo-Th 08:00-02:00; Fr-Sa 08:00-03:00; Su 08:00-02:00",
      "rating": null,
      "review_count": null,
      "claimed": false,
      "featured": false
    },
    {
      "name": "Wendy's",
      "category": "Fast Food",
      "address": "231 US Highway 46, Elmwood Park, NJ 07407",
      "phone": "+1 201-796-0096",
      "email": "",
      "website": "https://locations.wendys.com/united-states/nj/elmwood-park/231-us-highway-46",
      "hours": "08:00-22:00",
      "rating": null,
      "review_count": null,
      "claimed": false,
      "featured": false
    },
    {
      "name": "Get A Rate",
      "category": "Financial Services",
      "address": "200 Riverfront Blvd, Elmwood Park, NJ 07407",
      "phone": "+1- 201-393-0200",
      "email": "info@getarate.com",
      "website": "https://getarate.com/",
      "hours": "Mo-Th 09:00-17:00, Fr 09:00-18:00, Sa 10:00-12:00 \"by appointment\"",
      "rating": null,
      "review_count": null,
      "claimed": false,
      "featured": false
    },
    {
      "name": "Sunoco",
      "category": "Gas Station",
      "address": "Elmwood Park, NJ",
      "phone": "",
      "email": "",
      "website": "https://www.sunoco.com/locations/store/469-river-dr-elmwood-park-nj-0012100408",
      "hours": "",
      "rating": null,
      "review_count": null,
      "claimed": false,
      "featured": false
    },
    {
      "name": "Blue Kangaroo Laundromat",
      "category": "Laundromat",
      "address": "3925 Durand Avenue, Elmwood Park, NJ",
      "phone": "",
      "email": "",
      "website": "",
      "hours": "",
      "rating": null,
      "review_count": null,
      "claimed": false,
      "featured": false
    },
    {
      "name": "Payless Liquor & Deli",
      "category": "Liquor Store",
      "address": "251 Elm Street, Elmwood Park, NJ 07407",
      "phone": "+1-201-794-0673",
      "email": "",
      "website": "",
      "hours": "Mo-Th 06:00-20:00; Fr 06:00-21:00; Sa 07:00-21:00; Su 09:00-17:00",
      "rating": null,
      "review_count": null,
      "claimed": false,
      "featured": false
    },
    {
      "name": "Walgreens",
      "category": "Pharmacy",
      "address": "Elmwood Park, NJ",
      "phone": "",
      "email": "",
      "website": "",
      "hours": "",
      "rating": null,
      "review_count": null,
      "claimed": false,
      "featured": false
    },
    {
      "name": "U-Haul",
      "category": "Rental",
      "address": "Elmwood Park, NJ",
      "phone": "",
      "email": "",
      "website": "",
      "hours": "",
      "rating": null,
      "review_count": null,
      "claimed": false,
      "featured": false
    },
    {
      "name": "Friendly's",
      "category": "Restaurant",
      "address": "240 US Highway 46 East, Elmwood Park, NJ 07407",
      "phone": "+1-201-797-5353",
      "email": "",
      "website": "https://www.friendlys.com/menu/lunch-dinner",
      "hours": "",
      "rating": null,
      "review_count": null,
      "claimed": false,
      "featured": false
    },
    {
      "name": "Lidl",
      "category": "Supermarket",
      "address": "58 Broadway, Elmwood Park, NJ 07407",
      "phone": "+1 844-747-5435",
      "email": "",
      "website": "https://www.lidl.com/stores/US01440",
      "hours": "",
      "rating": null,
      "review_count": null,
      "claimed": false,
      "featured": false
    },
    {
      "name": "ShopRite",
      "category": "Supermarket",
      "address": "180 Broadway, Elmwood Park, NJ",
      "phone": "",
      "email": "",
      "website": "",
      "hours": "Mo-Su 07:00-23:00",
      "rating": null,
      "review_count": null,
      "claimed": false,
      "featured": false
    },
    {
      "name": "Dollar Tree",
      "category": "Variety Store",
      "address": "30 Broadway, Elmwood Park, NJ 07407-1841",
      "phone": "+1 201-421-2000",
      "email": "",
      "website": "https://www.dollartree.com/locations/nj/elmwood-park/5200/",
      "hours": "Mo-Sa 08:00-22:00; Su 09:00-21:00",
      "rating": null,
      "review_count": null,
      "claimed": false,
      "featured": false
    }
  ]
}