{
  "name": "Mount Holly",
  "state": "New Jersey",
  "state_abbr": "NJ",
  "county": null,
  "population": null,
  "slug": "mount-holly-nj",
  "businesses": [
    {
      "name": "Maldonado Accounting Services",
      "category": "Accountant",
      "address": "260 Pine Street, Mount Holly, NJ 08060",
      "phone": "+16092671012",
      "email": "",
      "website": "https://splinternetmarketing.com/local-pros/nj/holly/maldonado-accounting-services/",
      "hours": "",
      "rating": null,
      "review_count": null,
      "claimed": false,
      "featured": false
    },
    {
      "name": "Endless Treasures",
      "category": "Antiques",
      "address": "10 White Street, Mount Holly, NJ 08060",
      "phone": "+16096677119",
      "email": "",
      "website": "http://www.endlesstreasuresnj.com/",
      "hours": "",
      "rating": null,
      "review_count": null,
      "claimed": false,
      "featured": false
    },
    {
      "name": "Por el Arte Artisan Boutique & Makerspace",
      "category": "Antiques",
      "address": "25a Church Street, Mount Holly, NJ 08060",
      "phone": "+18562759822",
      "email": "",
      "website": "https://porelartemakerspace.com/",
      "hours": "Mo-Fr 09:00-14:00; Sa 11:00-15:00; Su Closed",
      "rating": null,
      "review_count": null,
      "claimed": false,
      "featured": false
    },
    {
      "name": "Highway Tire & Auto Service",
      "category": "Auto Repair",
      "address": "Mount Holly, NJ 08060",
      "phone": "",
      "email": "",
      "website": "",
      "hours": "",
      "rating": null,
      "review_count": null,
      "claimed": false,
      "featured": false
    },
    {
      "name": "Monro Muffler Brake & Service",
      "category": "Auto Repair",
      "address": "Mount Holly, NJ",
      "phone": "",
      "email": "",
      "website": "",
      "hours": "",
      "rating": null,
      "review_count": null,
      "claimed": false,
      "featured": false
    },
    {
      "name": "Beneficial Bank",
      "category": "Bank",
      "address": "Mount Holly, NJ",
      "phone": "",
      "email": "",
      "website": "",
      "hours": "",
      "rating": null,
      "review_count": null,
      "claimed": false,
      "featured": false
    },
    {
      "name": "Santander",
      "category": "Bank",
      "address": "Mount Holly, NJ",
      "phone": "",
      "email": "",
      "website": "",
      "hours": "",
      "rating": null,
      "review_count": null,
      "claimed": false,
      "featured": false
    },
    {
      "name": "TD Bank",
      "category": "Bank",
      "address": "Mount Holly, NJ",
      "phone": "",
      "email": "",
      "website": "https://locations.td.com/us/510-high-street-mount-holly",
      "hours": "",
      "rating": null,
      "review_count": null,
      "claimed": false,
      "featured": false
    },
    {
      "name": "Lush Nails And Spa",
      "category": "Beauty Salon",
      "address": "434 Pine Street, Mount Holly, NJ 08060",
      "phone": "+16097028284",
      "email": "",
      "website": "",
      "hours": "",
      "rating": null,
      "review_count": null,
      "claimed": false,
      "featured": false
    },
    {
      "name": "Salon Muse",
      "category": "Beauty Salon",
      "address": "Mount Holly, NJ",
      "phone": "",
      "email": "",
      "website": "",
      "hours": "",
      "rating": null,
      "review_count": null,
      "claimed": false,
      "featured": false
    },
    {
      "name": "Mt Holly Bicycles",
      "category": "Bicycle Shop",
      "address": "Mount Holly, NJ",
      "phone": "",
      "email": "",
      "website": "",
      "hours": "",
      "rating": null,
      "review_count": null,
      "claimed": false,
      "featured": false
    },
    {
      "name": "Rons Comic World",
      "category": "Bookstore",
      "address": "1690 Route 38 East, Mount Holly, NJ 08060",
      "phone": "",
      "email": "",
      "website": "",
      "hours": "",
      "rating": null,
      "review_count": null,
      "claimed": false,
      "featured": false
    },
    {
      "name": "Spellbound Brewing",
      "category": "Brewery",
      "address": "Lippincott Lane, Mount Holly, NJ",
      "phone": "",
      "email": "",
      "website": "",
      "hours": "",
      "rating": null,
      "review_count": null,
      "claimed": false,
      "featured": false
    },
    {
      "name": "Stratosphere Brewing Company",
      "category": "Brewery",
      "address": "72 Washington Street, Mount Holly, NJ 08060",
      "phone": "+16096677116",
      "email": "",
      "website": "http://www.stratospherebrewingcompany.com/",
      "hours": "Mo-Tu 17:00-22:00; We-Th 12:00-22:00; Fr 12:00-23:00; Sa 11:30-23:00; Su 11:30-20:00",
      "rating": null,
      "review_count": null,
      "claimed": false,
      "featured": false
    },
    {
      "name": "Dharma Skye Soaps",
      "category": "Business",
      "address": "35 White Street, Mount Holly, NJ 08060",
      "phone": "",
      "email": "",
      "website": "",
      "hours": "",
      "rating": null,
      "review_count": null,
      "claimed": false,
      "featured": false
    },
    {
      "name": "Funko Pops & More",
      "category": "Business",
      "address": "33 White Street, Mount Holly, NJ 08060",
      "phone": "",
      "email": "",
      "website": "",
      "hours": "",
      "rating": null,
      "review_count": null,
      "claimed": false,
      "featured": false
    },
    {
      "name": "Visiting Angels Senior Home Care",
      "category": "Business",
      "address": "215 High Street, Mount Holly, NJ 08060",
      "phone": "+1-609-883-8188",
      "email": "",
      "website": "https://www.visitingangels.com/burling-mercer/home/",
      "hours": "24/7",
      "rating": null,
      "review_count": null,
      "claimed": false,
      "featured": false
    },
    {
      "name": "Colonial Cafe",
      "category": "Cafe",
      "address": "14 White Street, Mount Holly, NJ 08060",
      "phone": "",
      "email": "",
      "website": "https://www.colonialcafenj.com/",
      "hours": "Mo-Fr 07:30-15:00; Sa-Su 08:00-15:00",
      "rating": null,
      "review_count": null,
      "claimed": false,
      "featured": false
    },
    {
      "name": "MASS GROWN",
      "category": "Cannabis",
      "address": "34 Mill Street, Mount Holly, NJ 08060",
      "phone": "+16095189333",
      "email": "",
      "website": "https://www.massgrownnj.com/",
      "hours": "Mo-Su 09:30-20:00; Su 09:30-19:00",
      "rating": null,
      "review_count": null,
      "claimed": false,
      "featured": false
    },
    {
      "name": "Voltaire Dispensary",
      "category": "Cannabis",
      "address": "47 Mill Street, Mount Holly, NJ 08060",
      "phone": "+1 609-702-5520",
      "email": "high@shopvoltaire.com",
      "website": "https://voltairecannabis.com/",
      "hours": "Mo-Su 10:00-20:00",
      "rating": null,
      "review_count": null,
      "claimed": false,
      "featured": false
    },
    {
      "name": "Spark Car Wash",
      "category": "Car Wash",
      "address": "1659 State Route 38, Mount Holly, NJ 08060",
      "phone": "+19088408900",
      "email": "",
      "website": "https://sparkcarwash.com/locations/mt-holly-nj/",
      "hours": "Mo-Fr 08:00-20:00",
      "rating": null,
      "review_count": null,
      "claimed": false,
      "featured": false
    },
    {
      "name": "AtlantiCare",
      "category": "Clinic",
      "address": "Mount Holly, NJ",
      "phone": "",
      "email": "",
      "website": "",
      "hours": "",
      "rating": null,
      "review_count": null,
      "claimed": false,
      "featured": false
    },
    {
      "name": "Virtua Urgent Care - Mount Holly",
      "category": "Clinic",
      "address": "555 High Street, Mount Holly, NJ 08060",
      "phone": "",
      "email": "",
      "website": "",
      "hours": "",
      "rating": null,
      "review_count": null,
      "claimed": false,
      "featured": false
    },
    {
      "name": "7-Eleven",
      "category": "Convenience Store",
      "address": "191 Mill Street, Mount Holly, NJ 08060",
      "phone": "+16097020429",
      "email": "",
      "website": "",
      "hours": "24/7",
      "rating": null,
      "review_count": null,
      "claimed": false,
      "featured": false
    },
    {
      "name": "Ez Quick Food Market",
      "category": "Convenience Store",
      "address": "53-63 Mill Street, Mount Holly, NJ 08060",
      "phone": "+16092673900",
      "email": "",
      "website": "",
      "hours": "Mo-Su 06:00-00:00",
      "rating": null,
      "review_count": null,
      "claimed": false,
      "featured": false
    },
    {
      "name": "Church St. Art & Craft",
      "category": "Craft",
      "address": "2 Church Street, Mount Holly, NJ 08060",
      "phone": "+16092618634",
      "email": "",
      "website": "http://www.churchstartandcraft.com/",
      "hours": "Mo-Tu Closed; We-Su 12:00-16:00",
      "rating": null,
      "review_count": null,
      "claimed": false,
      "featured": false
    },
    {
      "name": "Blue Moon Olive Oils & Aged Balsamic",
      "category": "Deli",
      "address": "2 Mill Street, Mount Holly, NJ 08060",
      "phone": "+16092563675",
      "email": "",
      "website": "https://www.bluemoonoliveoil.com/",
      "hours": "Fr 12:00-16:00; Sa 10:00-16:00; Su 11:00-15:00; Mo-Th Closed",
      "rating": null,
      "review_count": null,
      "claimed": false,
      "featured": false
    },
    {
      "name": "The Smile Center",
      "category": "Dentist",
      "address": "76 Madison Avenue, Mount Holly, NJ 08060",
      "phone": "",
      "email": "",
      "website": "",
      "hours": "",
      "rating": null,
      "review_count": null,
      "claimed": false,
      "featured": false
    },
    {
      "name": "Train Wreck Distillery",
      "category": "Distillery",
      "address": "Mount Holly, NJ",
      "phone": "",
      "email": "",
      "website": "",
      "hours": "",
      "rating": null,
      "review_count": null,
      "claimed": false,
      "featured": false
    },
    {
      "name": "Restoration Operators of South Jersey",
      "category": "Engineer",
      "address": "72 Washington Street, Mount Holly, NJ 08060",
      "phone": "+16092157060",
      "email": "",
      "website": "https://restorationoperators.com/",
      "hours": "24/7",
      "rating": null,
      "review_count": null,
      "claimed": false,
      "featured": false
    },
    {
      "name": "Cheerful Dreams",
      "category": "Esoteric",
      "address": "37 White Street, Mount Holly, NJ 08060",
      "phone": "+16092611252",
      "email": "",
      "website": "",
      "hours": "Mo-Tu Closed; We-Fr 11:00-18:00; Sa 10:00-18:00; Su 12:00-16:00",
      "rating": null,
      "review_count": null,
      "claimed": false,
      "featured": false
    },
    {
      "name": "The Village Quilter",
      "category": "Fabric",
      "address": "10 Charles Street;Mulberry Alley, Mount Holly, NJ 08060",
      "phone": "",
      "email": "",
      "website": "",
      "hours": "",
      "rating": null,
      "review_count": null,
      "claimed": false,
      "featured": false
    },
    {
      "name": "B-Unos",
      "category": "Fast Food",
      "address": "Mill Street, Mount Holly, NJ 08060",
      "phone": "",
      "email": "",
      "website": "",
      "hours": "",
      "rating": null,
      "review_count": null,
      "claimed": false,
      "featured": false
    },
    {
      "name": "Boston Market",
      "category": "Fast Food",
      "address": "Mount Holly, NJ",
      "phone": "",
      "email": "",
      "website": "",
      "hours": "",
      "rating": null,
      "review_count": null,
      "claimed": false,
      "featured": false
    },
    {
      "name": "Burger King",
      "category": "Fast Food",
      "address": "Mount Holly, NJ",
      "phone": "",
      "email": "",
      "website": "",
      "hours": "",
      "rating": null,
      "review_count": null,
      "claimed": false,
      "featured": false
    },
    {
      "name": "Downtown Pizza and Grill",
      "category": "Fast Food",
      "address": "35 High Street, Mount Holly, NJ 08060",
      "phone": "+1-609-267-7229",
      "email": "",
      "website": "https://downtownpizzaandgrill.com/",
      "hours": "Mo-Th 10:30-21:00; Fr-Sa 10:30-22:00; Su 12:00-21:00",
      "rating": null,
      "review_count": null,
      "claimed": false,
      "featured": false
    },
    {
      "name": "Gaetano's Pizzeria of Mount Holly",
      "category": "Fast Food",
      "address": "434 Pine Street, Mount Holly, NJ 08060",
      "phone": "+16092677409",
      "email": "",
      "website": "https://www.gaetanospizzeriaofmountholly.com/",
      "hours": "Mo-Su 11:00-20:00",
      "rating": null,
      "review_count": null,
      "claimed": false,
      "featured": false
    },
    {
      "name": "La Vitas Pizzeria",
      "category": "Fast Food",
      "address": "12 High Street, Mount Holly, NJ 08060",
      "phone": "+16092678957",
      "email": "",
      "website": "https://www.lavitapizzeriatogo.com/ShowMenu.tpl",
      "hours": "Mo 11:00-21:00; Tu-Th 10:00-21:00; Fr-Sa 10:30-22:00; Su 11:00-21:00",
      "rating": null,
      "review_count": null,
      "claimed": false,
      "featured": false
    },
    {
      "name": "McDonald's",
      "category": "Fast Food",
      "address": "1660 State Highway 38, Mount Holly, NJ 08060",
      "phone": "+1 609-261-4842",
      "email": "",
      "website": "https://www.mcdonalds.com/us/en-us/location/6466.html",
      "hours": "24/7",
      "rating": null,
      "review_count": null,
      "claimed": false,
      "featured": false
    },
    {
      "name": "Taco Bell",
      "category": "Fast Food",
      "address": "Mount Holly, NJ",
      "phone": "",
      "email": "",
      "website": "https://locations.tacobell.com/nj/mount-holly/601-high-street.html",
      "hours": "",
      "rating": null,
      "review_count": null,
      "claimed": false,
      "featured": false
    },
    {
      "name": "BP Gas",
      "category": "Gas Station",
      "address": "464 Pine Street, Mount Holly, NJ 08060",
      "phone": "",
      "email": "",
      "website": "",
      "hours": "",
      "rating": null,
      "review_count": null,
      "claimed": false,
      "featured": false
    },
    {
      "name": "Gastrol",
      "category": "Gas Station",
      "address": "1653 State Route 38, Mount Holly, NJ 08060",
      "phone": "",
      "email": "",
      "website": "",
      "hours": "",
      "rating": null,
      "review_count": null,
      "claimed": false,
      "featured": false
    },
    {
      "name": "Absolute Weave Works",
      "category": "Hair Salon",
      "address": "1649 State Route 38, Mount Holly, NJ 08060",
      "phone": "+16096677114",
      "email": "",
      "website": "https://www.vagaro.com/absoluteweaveworks",
      "hours": "Mo-Sa 08:00-18:00",
      "rating": null,
      "review_count": null,
      "claimed": false,
      "featured": false
    },
    {
      "name": "Hair Plus More",
      "category": "Hair Salon",
      "address": "434 Pine Street, Mount Holly, NJ 08060",
      "phone": "+1-609-261-2016",
      "email": "",
      "website": "",
      "hours": "Mo-Sa 10:00-17:00",
      "rating": null,
      "review_count": null,
      "claimed": false,
      "featured": false
    },
    {
      "name": "Salon Rock Paper Scissors",
      "category": "Hair Salon",
      "address": "Church Street, Mount Holly, NJ 08060",
      "phone": "+16092886160",
      "email": "",
      "website": "http://www.salonrockpaperscissors.com/",
      "hours": "Tu-Fr 09:30-20:00; Sa 10:00-14:00; Su-Mo Closed",
      "rating": null,
      "review_count": null,
      "claimed": false,
      "featured": false
    },
    {
      "name": "Standard Haircuts",
      "category": "Hair Salon",
      "address": "72 Washington Street, Mount Holly, NJ 08060",
      "phone": "+16096678132",
      "email": "",
      "website": "https://www.standardhaircuts.com/",
      "hours": "Mo-Tu Closed; We-Th 09:00-17:00; Fr 09:00-17:00; Sa-Su 09:00-15:00",
      "rating": null,
      "review_count": null,
      "claimed": false,
      "featured": false
    },
    {
      "name": "Virtua Memorial Hospital Of Burlington County",
      "category": "Hospital",
      "address": "175 Madison Avenue, Mount Holly, NJ 08060",
      "phone": "+1-609-914-6000",
      "email": "",
      "website": "https://www.virtua.org/locations/memorial-hospital",
      "hours": "24/7",
      "rating": null,
      "review_count": null,
      "claimed": false,
      "featured": false
    },
    {
      "name": "Silver Lining",
      "category": "Jewelry Store",
      "address": "Mount Holly, NJ",
      "phone": "",
      "email": "",
      "website": "",
      "hours": "",
      "rating": null,
      "review_count": null,
      "claimed": false,
      "featured": false
    },
    {
      "name": "On the Go Laundromat",
      "category": "Laundromat",
      "address": "1649 State Route 38, Mount Holly, NJ 08060",
      "phone": "",
      "email": "",
      "website": "",
      "hours": "",
      "rating": null,
      "review_count": null,
      "claimed": false,
      "featured": false
    },
    {
      "name": "Brenner Spiller & Archer",
      "category": "Law Office",
      "address": "27 Cedar Street, Mount Holly, NJ 08060",
      "phone": "+16093035060",
      "email": "",
      "website": "http://www.brennerlawoffice.com/",
      "hours": "",
      "rating": null,
      "review_count": null,
      "claimed": false,
      "featured": false
    },
    {
      "name": "Reinherz Law Offices",
      "category": "Law Office",
      "address": "27 Cedar Street, Mount Holly, NJ 08060",
      "phone": "+16095340529",
      "email": "",
      "website": "http://www.reinherzlaw.com/",
      "hours": "",
      "rating": null,
      "review_count": null,
      "claimed": false,
      "featured": false
    },
    {
      "name": "Young, Marr & Associates",
      "category": "Law Office",
      "address": "27 Cedar Street, Mount Holly, NJ 08060",
      "phone": "+16097964344",
      "email": "",
      "website": "https://www.youngmarrlaw.com",
      "hours": "",
      "rating": null,
      "review_count": null,
      "claimed": false,
      "featured": false
    },
    {
      "name": "Burlington County Prison Museum",
      "category": "Museum",
      "address": "128 High Street, Mount Holly, NJ 08060",
      "phone": "",
      "email": "",
      "website": "https://www.prisonmuseum.net/",
      "hours": "",
      "rating": null,
      "review_count": null,
      "claimed": false,
      "featured": false
    },
    {
      "name": "CVS Pharmacy",
      "category": "Pharmacy",
      "address": "Mount Holly, NJ",
      "phone": "",
      "email": "",
      "website": "https://www.cvs.com/store-locator/mount-holly-nj-pharmacies/508-high-st-mount-holly-nj-08060/storeid=2079",
      "hours": "",
      "rating": null,
      "review_count": null,
      "claimed": false,
      "featured": false
    },
    {
      "name": "Gallagher's Taproom",
      "category": "Pub",
      "address": "437 Pine Street, Mount Holly, NJ",
      "phone": "+1-609-261-0500",
      "email": "",
      "website": "",
      "hours": "Mo 16:00-22:00; Tu-We 11:00-23:00; Th-Sa 11:00-24:00; Su 11:00-22:00",
      "rating": null,
      "review_count": null,
      "claimed": false,
      "featured": false
    },
    {
      "name": "Kairos House",
      "category": "Rehabilitation",
      "address": "203 Spout Spring Avenue, Mount Holly, NJ 08060",
      "phone": "+1-609-261-3034",
      "email": "",
      "website": "",
      "hours": "",
      "rating": null,
      "review_count": null,
      "claimed": false,
      "featured": false
    },
    {
      "name": "Ocean Tents & Party Rentals",
      "category": "Rental",
      "address": "1647 Route 38 West, Mount Holly, NJ 08060",
      "phone": "+1-609-914-0600",
      "email": "",
      "website": "https://oceantents.com/",
      "hours": "",
      "rating": null,
      "review_count": null,
      "claimed": false,
      "featured": false
    },
    {
      "name": "B-UNO’s",
      "category": "Restaurant",
      "address": "4 Mill Street, Mount Holly, NJ 08060",
      "phone": "+1-856-210-6032",
      "email": "",
      "website": "https://www.bunosbbb.com",
      "hours": "Mo-We 10:00-21:00; Th-Sa 09:00-21:00; Su 09:00-19:00",
      "rating": null,
      "review_count": null,
      "claimed": false,
      "featured": false
    },
    {
      "name": "Charito's kitchen",
      "category": "Restaurant",
      "address": "10 Mill Street, Mount Holly, NJ 08060",
      "phone": "+16094917777",
      "email": "",
      "website": "http://places.singleplatform.com/charitos-kitchen/",
      "hours": "Mo-Fr 10:00-17:30; Sa-Su Closed",
      "rating": null,
      "review_count": null,
      "claimed": false,
      "featured": false
    },
    {
      "name": "Friendly's",
      "category": "Restaurant",
      "address": "Mount Holly, NJ",
      "phone": "",
      "email": "",
      "website": "",
      "hours": "",
      "rating": null,
      "review_count": null,
      "claimed": false,
      "featured": false
    },
    {
      "name": "Kitchen87",
      "category": "Restaurant",
      "address": "87 Washington Street, Mount Holly, NJ 08060",
      "phone": "+1 609-261-1700",
      "email": "",
      "website": "",
      "hours": "Mo off; Tu-Su 08:00-14:00",
      "rating": null,
      "review_count": null,
      "claimed": false,
      "featured": false
    },
    {
      "name": "Lim Fongs",
      "category": "Restaurant",
      "address": "434 Pine Street, Mount Holly, NJ 08060",
      "phone": "+16092610429",
      "email": "",
      "website": "",
      "hours": "Mo-Su 11:00-22:00",
      "rating": null,
      "review_count": null,
      "claimed": false,
      "featured": false
    },
    {
      "name": "Robin's Nest Restaurant",
      "category": "Restaurant",
      "address": "2 Mill Street, Mount Holly, NJ 08060",
      "phone": "+16092616149",
      "email": "",
      "website": "https://www.robinsnestmountholly.com/",
      "hours": "Mo Closed; Tu 11:30-14:30; We-Th 11:30-20:00; Fr-Sa 11:30-20:30; Su 10:00-14:00",
      "rating": null,
      "review_count": null,
      "claimed": false,
      "featured": false
    },
    {
      "name": "South Star Diner",
      "category": "Restaurant",
      "address": "1655 State Route 38, Mount Holly, NJ 08060",
      "phone": "+16092886460",
      "email": "",
      "website": "https://southstardinernj.com/index.php/menu/",
      "hours": "24/7",
      "rating": null,
      "review_count": null,
      "claimed": false,
      "featured": false
    },
    {
      "name": "The Grateful Gourmet",
      "category": "Restaurant",
      "address": "25b Church Street, Mount Holly, NJ 08060",
      "phone": "+18564120897",
      "email": "",
      "website": "https://www.iamthegratefulgourmet.com/",
      "hours": "",
      "rating": null,
      "review_count": null,
      "claimed": false,
      "featured": false
    },
    {
      "name": "Big Catch Seafood",
      "category": "Seafood",
      "address": "132 Hulme Street, Mount Holly, NJ 08060",
      "phone": "+16092886857",
      "email": "",
      "website": "https://www.bigcatchinc.com/",
      "hours": "Mo-Fr 09:00-17:00",
      "rating": null,
      "review_count": null,
      "claimed": false,
      "featured": false
    },
    {
      "name": "Staples",
      "category": "Stationery",
      "address": "555 High Street, Mount Holly, NJ 08060",
      "phone": "",
      "email": "",
      "website": "https://stores.staples.com/nj/mt-holly/555-high-st-(rt541)",
      "hours": "Mo-Fr 09:00-19:00; Sa 09:00-18:00; Su 11:00-18:00",
      "rating": null,
      "review_count": null,
      "claimed": false,
      "featured": false
    },
    {
      "name": "Acme",
      "category": "Supermarket",
      "address": "531 High Street, Mount Holly, NJ 08060",
      "phone": "+1 609-702-1776",
      "email": "",
      "website": "https://local.acmemarkets.com/nj/mount-holly/531-high-st.html",
      "hours": "Mo-Fr 07:00-22:00; Sa 07:00-22:00; Su 07:00-22:00",
      "rating": null,
      "review_count": null,
      "claimed": false,
      "featured": false
    },
    {
      "name": "Oriental LL Food Market",
      "category": "Supermarket",
      "address": "434 Pine Street, Mount Holly, NJ 08060",
      "phone": "+16097029268",
      "email": "",
      "website": "",
      "hours": "Mo-Su 10:00-18:00",
      "rating": null,
      "review_count": null,
      "claimed": false,
      "featured": false
    },
    {
      "name": "Leslie's Pool Supplies",
      "category": "Swimming pool",
      "address": "1649 State Route 38, Mount Holly, NJ 08060",
      "phone": "+16092674065",
      "email": "",
      "website": "",
      "hours": "Mo-Su 10:00-18:00",
      "rating": null,
      "review_count": null,
      "claimed": false,
      "featured": false
    },
    {
      "name": "Moe’s Tobacco shop",
      "category": "Tobacco Shop",
      "address": "434 Pine Street, Mount Holly, NJ 08060",
      "phone": "",
      "email": "",
      "website": "https://instagram.com/moetobaccoshop",
      "hours": "Mo-Su 07:00-24:00",
      "rating": null,
      "review_count": null,
      "claimed": false,
      "featured": false
    },
    {
      "name": "Teddies",
      "category": "Toy Store",
      "address": "44 White Street, Mount Holly, NJ 08060",
      "phone": "+16097029386",
      "email": "",
      "website": "",
      "hours": "Mo-Tu Closed; We-Fr 11:00-18:00; Sa 10:00-18:00; Su 12:00-16:00",
      "rating": null,
      "review_count": null,
      "claimed": false,
      "featured": false
    }
  ]
}