{
  "name": "Mount Olive",
  "state": "New Jersey",
  "state_abbr": "NJ",
  "county": null,
  "population": 28886,
  "slug": "mount-olive-nj",
  "businesses": [
    {
      "name": "Accounting Services",
      "category": "Accountant",
      "address": "177 US 206, Mount Olive, NJ 07836",
      "phone": "+1-973-252-8900",
      "email": "",
      "website": "",
      "hours": "",
      "rating": null,
      "review_count": null,
      "claimed": false,
      "featured": false
    },
    {
      "name": "Carla. F. Holusha LLC",
      "category": "Accountant",
      "address": "238 US-46 W, Mount Olive, NJ 07828",
      "phone": "+1-862-254-2116",
      "email": "",
      "website": "",
      "hours": "",
      "rating": null,
      "review_count": null,
      "claimed": false,
      "featured": false
    },
    {
      "name": "Patrick & Kevin Bent, CPAs",
      "category": "Accountant",
      "address": "354 US Hwy 46 W, Mount Olive, NJ 07840",
      "phone": "",
      "email": "",
      "website": "",
      "hours": "",
      "rating": null,
      "review_count": null,
      "claimed": false,
      "featured": false
    },
    {
      "name": "Dr. John J. Berezny",
      "category": "Alternative",
      "address": "240 US 206, Mount Olive, NJ 07836",
      "phone": "+1-973-252-0040",
      "email": "",
      "website": "",
      "hours": "",
      "rating": null,
      "review_count": null,
      "claimed": false,
      "featured": false
    },
    {
      "name": "Mount Olive Acupuncture and Wellness Center",
      "category": "Alternative",
      "address": "1 Old Wolfe Road, Mount Olive, NJ 07828",
      "phone": "+1-973-527-7978",
      "email": "mtoliveacupuncture@gmail.com",
      "website": "https://www.mtoliveacupuncture.com/",
      "hours": "",
      "rating": null,
      "review_count": null,
      "claimed": false,
      "featured": false
    },
    {
      "name": "Mt. Olive Chiropractic Center",
      "category": "Alternative",
      "address": "197 US 46, Mount Olive, NJ 07828",
      "phone": "+1-973-347-0500",
      "email": "",
      "website": "mtolivechiro.com",
      "hours": "",
      "rating": null,
      "review_count": null,
      "claimed": false,
      "featured": false
    },
    {
      "name": "Advance Auto Parts",
      "category": "Auto Parts",
      "address": "100 Rt 46, Mount Olive, NJ 07828",
      "phone": "+1-973-440-2052",
      "email": "",
      "website": "https://stores.advanceautoparts.com/nj/budd-lake/100-route-46",
      "hours": "",
      "rating": null,
      "review_count": null,
      "claimed": false,
      "featured": false
    },
    {
      "name": "Able Total Auto Care",
      "category": "Auto Repair",
      "address": "18 US-46, Mount Olive, NJ 07828",
      "phone": "+1 973-347-4405",
      "email": "",
      "website": "",
      "hours": "",
      "rating": null,
      "review_count": null,
      "claimed": false,
      "featured": false
    },
    {
      "name": "Budd Lake Transmission & Auto Repair",
      "category": "Auto Repair",
      "address": "156 US 46, Mount Olive, NJ 07828",
      "phone": "+1-973-347-0016",
      "email": "buddlaket@yahoo.com",
      "website": "",
      "hours": "",
      "rating": null,
      "review_count": null,
      "claimed": false,
      "featured": false
    },
    {
      "name": "Classic Bodyworks",
      "category": "Auto Repair",
      "address": "28 Flanders Netcong Road, Mount Olive, NJ 07836",
      "phone": "+1 973-713-2507",
      "email": "",
      "website": "",
      "hours": "",
      "rating": null,
      "review_count": null,
      "claimed": false,
      "featured": false
    },
    {
      "name": "DTA Automotive",
      "category": "Auto Repair",
      "address": "360 US 46, Mount Olive, NJ 07828",
      "phone": "+1 973-691-1953",
      "email": "dtaauto@gmail.com",
      "website": "https://www.dta-auto.com/",
      "hours": "Mo-Fr 07:00-17:00",
      "rating": null,
      "review_count": null,
      "claimed": false,
      "featured": false
    },
    {
      "name": "East Forest Garage",
      "category": "Auto Repair",
      "address": "4 E Forest Road, Mount Olive, NJ 07828",
      "phone": "+1-973-347-7877",
      "email": "",
      "website": "",
      "hours": "",
      "rating": null,
      "review_count": null,
      "claimed": false,
      "featured": false
    },
    {
      "name": "Firestone",
      "category": "Auto Repair",
      "address": "20 US-46 W, Mount Olive, NJ 07828",
      "phone": "+1 973 440-8906",
      "email": "",
      "website": "",
      "hours": "",
      "rating": null,
      "review_count": null,
      "claimed": false,
      "featured": false
    },
    {
      "name": "Goodyear",
      "category": "Auto Repair",
      "address": "Mount Olive, NJ",
      "phone": "",
      "email": "",
      "website": "",
      "hours": "",
      "rating": null,
      "review_count": null,
      "claimed": false,
      "featured": false
    },
    {
      "name": "Lube Plus",
      "category": "Auto Repair",
      "address": "199 US 46, Mount Olive, NJ 07828",
      "phone": "",
      "email": "",
      "website": "lubeplusnj.com",
      "hours": "",
      "rating": null,
      "review_count": null,
      "claimed": false,
      "featured": false
    },
    {
      "name": "Mavis Discount Tire",
      "category": "Auto Repair",
      "address": "257 US 206, Mount Olive, NJ 07836",
      "phone": "+1-973-559-7963",
      "email": "",
      "website": "",
      "hours": "",
      "rating": null,
      "review_count": null,
      "claimed": false,
      "featured": false
    },
    {
      "name": "ProAutomotive",
      "category": "Auto Repair",
      "address": "285 US 206, Mount Olive, NJ 07836",
      "phone": "+1-862-251-7800",
      "email": "",
      "website": "https://proautomotiveofnj.com/",
      "hours": "",
      "rating": null,
      "review_count": null,
      "claimed": false,
      "featured": false
    },
    {
      "name": "Bank of America",
      "category": "Bank",
      "address": "1 Deerfield Place, Mount Olive, NJ 07836",
      "phone": "+1-973-584-0595",
      "email": "",
      "website": "https://locators.bankofamerica.com/nj/flanders/financial-centers-flanders-14690.html",
      "hours": "",
      "rating": null,
      "review_count": null,
      "claimed": false,
      "featured": false
    },
    {
      "name": "Picatinny Credit Union",
      "category": "Bank",
      "address": "10 International Drive, Mount Olive, NJ 07836",
      "phone": "+1-973-361-5225",
      "email": "",
      "website": "https://www.picacreditunion.com/",
      "hours": "",
      "rating": null,
      "review_count": null,
      "claimed": false,
      "featured": false
    },
    {
      "name": "PNC Bank",
      "category": "Bank",
      "address": "100 US 46, Mount Olive, NJ 07828",
      "phone": "+1-973-426-2502",
      "email": "",
      "website": "pnc.com",
      "hours": "",
      "rating": null,
      "review_count": null,
      "claimed": false,
      "featured": false
    },
    {
      "name": "Southern Bank",
      "category": "Bank",
      "address": "Mount Olive, NJ",
      "phone": "",
      "email": "",
      "website": "",
      "hours": "",
      "rating": null,
      "review_count": null,
      "claimed": false,
      "featured": false
    },
    {
      "name": "Southern Bank ATM",
      "category": "Bank",
      "address": "Mount Olive, NJ",
      "phone": "",
      "email": "",
      "website": "",
      "hours": "",
      "rating": null,
      "review_count": null,
      "claimed": false,
      "featured": false
    },
    {
      "name": "TD Bank",
      "category": "Bank",
      "address": "392 US 46, Mount Olive, NJ 07840",
      "phone": "+1-908-850-1872",
      "email": "",
      "website": "https://locations.td.com/us/392-route-46-w-budd-lake",
      "hours": "",
      "rating": null,
      "review_count": null,
      "claimed": false,
      "featured": false
    },
    {
      "name": "TD Bank",
      "category": "Bank",
      "address": "56 Flanders-Bartley Road, Mount Olive, NJ 07836",
      "phone": "+1-973-252-8140",
      "email": "",
      "website": "https://locations.td.com/us/56-flanders-bartley-road-mount-olive",
      "hours": "",
      "rating": null,
      "review_count": null,
      "claimed": false,
      "featured": false
    },
    {
      "name": "Valley National Bank",
      "category": "Bank",
      "address": "382 US-46, Mount Olive, NJ 07828",
      "phone": "",
      "email": "",
      "website": "locations.valley.com",
      "hours": "",
      "rating": null,
      "review_count": null,
      "claimed": false,
      "featured": false
    },
    {
      "name": "Valley National Bank",
      "category": "Bank",
      "address": "342 US 46, Mount Olive, NJ 07828",
      "phone": "+1-973-691-0908",
      "email": "",
      "website": "https://valley.com/",
      "hours": "",
      "rating": null,
      "review_count": null,
      "claimed": false,
      "featured": false
    },
    {
      "name": "Wells Fargo",
      "category": "Bank",
      "address": "50 International Drive, Mount Olive, NJ",
      "phone": "",
      "email": "",
      "website": "",
      "hours": "",
      "rating": null,
      "review_count": null,
      "claimed": false,
      "featured": false
    },
    {
      "name": "19th Hole",
      "category": "Bar",
      "address": "240 US 206, Mount Olive, NJ 07836",
      "phone": "+1-973-668-5911",
      "email": "",
      "website": "",
      "hours": "",
      "rating": null,
      "review_count": null,
      "claimed": false,
      "featured": false
    },
    {
      "name": "Jersey Girl Brewing",
      "category": "Bar",
      "address": "Mount Olive, NJ",
      "phone": "",
      "email": "",
      "website": "",
      "hours": "",
      "rating": null,
      "review_count": null,
      "claimed": false,
      "featured": false
    },
    {
      "name": "Pavillion Lounge",
      "category": "Bar",
      "address": "44 Sand Shore Road, Mount Olive, NJ 07828",
      "phone": "+1-908-343-3667",
      "email": "",
      "website": "",
      "hours": "",
      "rating": null,
      "review_count": null,
      "claimed": false,
      "featured": false
    },
    {
      "name": "206 Nail & Spa",
      "category": "Beauty Salon",
      "address": "365 US 206, Mount Olive, NJ 07836",
      "phone": "",
      "email": "",
      "website": "https://206nail.setmore.com/",
      "hours": "Mo-Fr 10:00-19:00; Sa 09:00-18:00; Su off",
      "rating": null,
      "review_count": null,
      "claimed": false,
      "featured": false
    },
    {
      "name": "Derma Beauty Spa",
      "category": "Beauty Salon",
      "address": "Mount Olive, NJ",
      "phone": "+1-908-798-2162",
      "email": "dermainks@gmail.com",
      "website": "",
      "hours": "Mo-Fr 08:00-20:00",
      "rating": null,
      "review_count": null,
      "claimed": false,
      "featured": false
    },
    {
      "name": "Dior Nails & Spa",
      "category": "Beauty Salon",
      "address": "375 US 46, Mount Olive, NJ 07828",
      "phone": "+1-862-258-3070",
      "email": "",
      "website": "https://diornailsbuddlake.com/",
      "hours": "Mo-Fr 09:00-19:30; Sa 09:00-19:00; Su 10:00-17:00",
      "rating": null,
      "review_count": null,
      "claimed": false,
      "featured": false
    },
    {
      "name": "Diva's Nails Spa",
      "category": "Beauty Salon",
      "address": "61 International Drive, Mount Olive, NJ",
      "phone": "+1-973-804-9104",
      "email": "",
      "website": "",
      "hours": "",
      "rating": null,
      "review_count": null,
      "claimed": false,
      "featured": false
    },
    {
      "name": "Flanders Nails",
      "category": "Beauty Salon",
      "address": "240 US 206, Mount Olive, NJ 07836",
      "phone": "+1-973-598-1210",
      "email": "",
      "website": "",
      "hours": "",
      "rating": null,
      "review_count": null,
      "claimed": false,
      "featured": false
    },
    {
      "name": "Heavenly Nails",
      "category": "Beauty Salon",
      "address": "382 US 46, Mount Olive, NJ 07828",
      "phone": "+1 973-448-0988",
      "email": "",
      "website": "",
      "hours": "Mo off; Tu-Fr 09:30-19:00; Sa 09:00-18:00; Su 10:00-17:30",
      "rating": null,
      "review_count": null,
      "claimed": false,
      "featured": false
    },
    {
      "name": "Milano Nail Spa",
      "category": "Beauty Salon",
      "address": "141 US-46, Mount Olive, NJ 07828",
      "phone": "+1-973-206-1618",
      "email": "",
      "website": "http://milanonailspabuddlake.com/",
      "hours": "Mo-Fr 09:30-19:30; Sa 09:00-18:00",
      "rating": null,
      "review_count": null,
      "claimed": false,
      "featured": false
    },
    {
      "name": "Nirvana Nails & Spa",
      "category": "Beauty Salon",
      "address": "194 US-46, Mount Olive, NJ 07828",
      "phone": "+1-862-219-3955",
      "email": "",
      "website": "",
      "hours": "",
      "rating": null,
      "review_count": null,
      "claimed": false,
      "featured": false
    },
    {
      "name": "Perfectly Polished Nails and Spa",
      "category": "Beauty Salon",
      "address": "293 US Highway 206, Mount Olive, NJ 07836",
      "phone": "+1-551-241-2929",
      "email": "",
      "website": "https://myperfectlypolished.com/",
      "hours": "Mo-Tu 10:00-18:00; We-Fr 10:00-19:00; Sa 09:00-18:00; Su off",
      "rating": null,
      "review_count": null,
      "claimed": false,
      "featured": false
    },
    {
      "name": "Pro Nails & Spa 1",
      "category": "Beauty Salon",
      "address": "50 International Drive, Mount Olive, NJ 07836",
      "phone": "+1-973-527-7070",
      "email": "",
      "website": "https://pronailspa1flander.com/",
      "hours": "",
      "rating": null,
      "review_count": null,
      "claimed": false,
      "featured": false
    },
    {
      "name": "Queen Nails",
      "category": "Beauty Salon",
      "address": "7 Naughright Road, Mount Olive, NJ 07840",
      "phone": "+1 908-684-1900",
      "email": "",
      "website": "",
      "hours": "",
      "rating": null,
      "review_count": null,
      "claimed": false,
      "featured": false
    },
    {
      "name": "Sage Nail & Spa",
      "category": "Beauty Salon",
      "address": "125 US-46, Mount Olive, NJ 07828",
      "phone": "+1-973-448-0886",
      "email": "",
      "website": "",
      "hours": "",
      "rating": null,
      "review_count": null,
      "claimed": false,
      "featured": false
    },
    {
      "name": "Timeless Nail & Spa",
      "category": "Beauty Salon",
      "address": "264 US 206, Mount Olive, NJ 07836",
      "phone": "+1-973-584-0005",
      "email": "",
      "website": "",
      "hours": "",
      "rating": null,
      "review_count": null,
      "claimed": false,
      "featured": false
    },
    {
      "name": "Mattress Firm",
      "category": "Bed",
      "address": "50 International Drive, Mount Olive, NJ 07836",
      "phone": "+1 973-347-2968",
      "email": "",
      "website": "",
      "hours": "",
      "rating": null,
      "review_count": null,
      "claimed": false,
      "featured": false
    },
    {
      "name": "Mattress Warehouse",
      "category": "Bed",
      "address": "100 US-46, Mount Olive, NJ 07828",
      "phone": "",
      "email": "",
      "website": "",
      "hours": "",
      "rating": null,
      "review_count": null,
      "claimed": false,
      "featured": false
    },
    {
      "name": "Jersey Girl Brewing",
      "category": "Brewery",
      "address": "426 Sand Shore Road, Mount Olive, NJ 07840",
      "phone": "+1-908-591-4186",
      "email": "",
      "website": "https://jerseygirlbrewing.com/",
      "hours": "",
      "rating": null,
      "review_count": null,
      "claimed": false,
      "featured": false
    },
    {
      "name": "Family Kitchen Raviolli",
      "category": "Business",
      "address": "186 Gold Mine Road, Mount Olive, NJ 07836",
      "phone": "",
      "email": "",
      "website": "",
      "hours": "",
      "rating": null,
      "review_count": null,
      "claimed": false,
      "featured": false
    },
    {
      "name": "Hazards Research Corp",
      "category": "Business",
      "address": "382 US-46, Mount Olive, NJ 07828",
      "phone": "",
      "email": "",
      "website": "",
      "hours": "",
      "rating": null,
      "review_count": null,
      "claimed": false,
      "featured": false
    },
    {
      "name": "Qnix Trading",
      "category": "Business",
      "address": "426 Sand Shore Road, Mount Olive, NJ 07840",
      "phone": "+1-908-439-3467",
      "email": "brushtowelandmore@gmail.com",
      "website": "https://qnixtrading.com",
      "hours": "",
      "rating": null,
      "review_count": null,
      "claimed": false,
      "featured": false
    },
    {
      "name": "Softsprings Water Conditioning",
      "category": "Business",
      "address": "Mount Olive, NJ",
      "phone": "+1-937-366-6262",
      "email": "",
      "website": "",
      "hours": "Mo-Fr 08:00-17:00; Sa 09:00-15:00",
      "rating": null,
      "review_count": null,
      "claimed": false,
      "featured": false
    },
    {
      "name": "Southern Ground",
      "category": "Cafe",
      "address": "Mount Olive, NJ",
      "phone": "",
      "email": "",
      "website": "",
      "hours": "Mo-Fr 07:00-19:00; Sa 08:00-19:00",
      "rating": null,
      "review_count": null,
      "claimed": false,
      "featured": false
    },
    {
      "name": "Legal Leaf New Jersey",
      "category": "Cannabis",
      "address": "141 US-46, Mount Olive, NJ 07828",
      "phone": "+1 973-945-7179",
      "email": "",
      "website": "https://legalleafnj.com/",
      "hours": "",
      "rating": null,
      "review_count": null,
      "claimed": false,
      "featured": false
    },
    {
      "name": "Callaremi Cadillac Buick GMC",
      "category": "Car Dealership",
      "address": "Mount Olive, NJ",
      "phone": "+1-908-852-4613",
      "email": "",
      "website": "http://www.callaremicadillac.com/",
      "hours": "",
      "rating": null,
      "review_count": null,
      "claimed": false,
      "featured": false
    },
    {
      "name": "Johnson Dodge",
      "category": "Car Dealership",
      "address": "484 US 46, Mount Olive, NJ 07840",
      "phone": "+1 908-747-1782",
      "email": "",
      "website": "https://www.johnsondodge.com/",
      "hours": "Mo-Fr 09:00-20:00; Sa 09:00-18:00",
      "rating": null,
      "review_count": null,
      "claimed": false,
      "featured": false
    },
    {
      "name": "Motion Chevrolet",
      "category": "Car Dealership",
      "address": "412 US 46, Mount Olive, NJ 07840",
      "phone": "",
      "email": "",
      "website": "",
      "hours": "",
      "rating": null,
      "review_count": null,
      "claimed": false,
      "featured": false
    },
    {
      "name": "Motion Kia",
      "category": "Car Dealership",
      "address": "Mount Olive, NJ",
      "phone": "",
      "email": "",
      "website": "https://www.motionkia.com/",
      "hours": "",
      "rating": null,
      "review_count": null,
      "claimed": false,
      "featured": false
    },
    {
      "name": "Subaru",
      "category": "Car Dealership",
      "address": "US 46, Mount Olive, NJ",
      "phone": "",
      "email": "",
      "website": "",
      "hours": "",
      "rating": null,
      "review_count": null,
      "claimed": false,
      "featured": false
    },
    {
      "name": "Speeders Car Wash",
      "category": "Car Wash",
      "address": "193 US 46, Mount Olive, NJ 07828",
      "phone": "+1-561-556-9274",
      "email": "",
      "website": "https://russellspeeders.com/locations/budd-lake",
      "hours": "Mo-Sa 08:00-19:00; Su 08:00-18:00",
      "rating": null,
      "review_count": null,
      "claimed": false,
      "featured": false
    },
    {
      "name": "Dug's Rugs",
      "category": "Carpet",
      "address": "286 US 206, Mount Olive, NJ 07836",
      "phone": "+1-973-584-1350",
      "email": "",
      "website": "",
      "hours": "",
      "rating": null,
      "review_count": null,
      "claimed": false,
      "featured": false
    },
    {
      "name": "advocare Medical Center At Budd Lake",
      "category": "Clinic",
      "address": "135 US-46, Mount Olive, NJ 07828",
      "phone": "+1 973-691-9400",
      "email": "",
      "website": "https://mcbl.advocaredoctors.com/About-Us/Welcome",
      "hours": "",
      "rating": null,
      "review_count": null,
      "claimed": false,
      "featured": false
    },
    {
      "name": "Lakeview Medical Associates",
      "category": "Clinic",
      "address": "125 US-46, Mount Olive, NJ 07828",
      "phone": "+1-973-691-1111",
      "email": "",
      "website": "https://lakeviewmednj.com/",
      "hours": "",
      "rating": null,
      "review_count": null,
      "claimed": false,
      "featured": false
    },
    {
      "name": "Skylands Urgent Care",
      "category": "Clinic",
      "address": "293 US 206, Mount Olive, NJ 07836",
      "phone": "+1-973-527-7344",
      "email": "",
      "website": "https://www.skylandsurgentcare.com/",
      "hours": "",
      "rating": null,
      "review_count": null,
      "claimed": false,
      "featured": false
    },
    {
      "name": "Victory Medical Clinic",
      "category": "Clinic",
      "address": "433 Sand Shore Road, Mount Olive, NJ 07840",
      "phone": "+1-862-254-2299",
      "email": "",
      "website": "https://victorymedicalclinic.com/",
      "hours": "",
      "rating": null,
      "review_count": null,
      "claimed": false,
      "featured": false
    },
    {
      "name": "Boot Barn",
      "category": "Clothing Store",
      "address": "30 International Drive, Mount Olive, NJ 07836",
      "phone": "+1-862-419-8700",
      "email": "",
      "website": "",
      "hours": "Mo-Sa 09:00-21:00; Su 10:00-19:00",
      "rating": null,
      "review_count": null,
      "claimed": false,
      "featured": false
    },
    {
      "name": "Sparkle Couture Boutique",
      "category": "Clothing Store",
      "address": "244 US 206, Mount Olive, NJ 07836",
      "phone": "+1-973-500-3470",
      "email": "",
      "website": "https://www.sparklecouture.com/",
      "hours": "",
      "rating": null,
      "review_count": null,
      "claimed": false,
      "featured": false
    },
    {
      "name": "Prevision Systems LLC",
      "category": "Company",
      "address": "354 US Highway 46 West, Mount Olive, NJ 07840",
      "phone": "+1 973 850 8998",
      "email": "",
      "website": "https://sensornetworkscorp.com/",
      "hours": "08:00-17:00",
      "rating": null,
      "review_count": null,
      "claimed": false,
      "featured": false
    },
    {
      "name": "Snap Creative",
      "category": "Company",
      "address": "354 US Hwy 46 W, Mount Olive, NJ 07840",
      "phone": "",
      "email": "",
      "website": "",
      "hours": "",
      "rating": null,
      "review_count": null,
      "claimed": false,
      "featured": false
    },
    {
      "name": "7-Eleven",
      "category": "Convenience Store",
      "address": "341 US 46, Mount Olive, NJ 07828-3205",
      "phone": "+1-973-691-0606",
      "email": "",
      "website": "https://www.7-eleven.com/locations/nj/budd-lake/341-rt-46-11464",
      "hours": "24/7",
      "rating": null,
      "review_count": null,
      "claimed": false,
      "featured": false
    },
    {
      "name": "7-Eleven",
      "category": "Convenience Store",
      "address": "294 US Highway 206, Mount Olive, NJ 07836",
      "phone": "+1 973-584-7667",
      "email": "",
      "website": "https://www.7-eleven.com/locations/nj/flanders/294-rt-206-11465",
      "hours": "24/7",
      "rating": null,
      "review_count": null,
      "claimed": false,
      "featured": false
    },
    {
      "name": "Food Mart",
      "category": "Convenience Store",
      "address": "Mount Olive, NJ",
      "phone": "",
      "email": "",
      "website": "",
      "hours": "24/7",
      "rating": null,
      "review_count": null,
      "claimed": false,
      "featured": false
    },
    {
      "name": "Krauszer's Food Stores",
      "category": "Convenience Store",
      "address": "382 US 46, Mount Olive, NJ 07828",
      "phone": "",
      "email": "",
      "website": "",
      "hours": "",
      "rating": null,
      "review_count": null,
      "claimed": false,
      "featured": false
    },
    {
      "name": "Minute Mart",
      "category": "Convenience Store",
      "address": "3 Netcong Road, Mount Olive, NJ 07282",
      "phone": "+1-973-691-0450",
      "email": "",
      "website": "",
      "hours": "",
      "rating": null,
      "review_count": null,
      "claimed": false,
      "featured": false
    },
    {
      "name": "Qwik-Mart",
      "category": "Convenience Store",
      "address": "375 US-46, Mount Olive, NJ 07828",
      "phone": "",
      "email": "",
      "website": "",
      "hours": "",
      "rating": null,
      "review_count": null,
      "claimed": false,
      "featured": false
    },
    {
      "name": "Shell",
      "category": "Convenience Store",
      "address": "Mount Olive, NJ",
      "phone": "",
      "email": "",
      "website": "",
      "hours": "24/7",
      "rating": null,
      "review_count": null,
      "claimed": false,
      "featured": false
    },
    {
      "name": "Tiger Mart",
      "category": "Convenience Store",
      "address": "150 US 46, Mount Olive, NJ 07840",
      "phone": "+1 908-813-8700",
      "email": "",
      "website": "",
      "hours": "",
      "rating": null,
      "review_count": null,
      "claimed": false,
      "featured": false
    },
    {
      "name": "Wawa",
      "category": "Convenience Store",
      "address": "194 US 206, Mount Olive, NJ 07836",
      "phone": "+1-908-315-0335",
      "email": "",
      "website": "https://www.wawa.com/locations/8446",
      "hours": "24/7",
      "rating": null,
      "review_count": null,
      "claimed": false,
      "featured": false
    },
    {
      "name": "Tractor Supply Company",
      "category": "Country store",
      "address": "293 US 206, Mount Olive, NJ 07836",
      "phone": "+1 973-252-2925",
      "email": "",
      "website": "",
      "hours": "Mo-Sa 08:00-21:00; Su 09:00-19:00",
      "rating": null,
      "review_count": null,
      "claimed": false,
      "featured": false
    },
    {
      "name": "Michaels",
      "category": "Craft",
      "address": "30 International Drive South, Mount Olive, NJ 07836",
      "phone": "+1 973-426-9911",
      "email": "",
      "website": "https://locations.michaels.com/nj/flanders/2740",
      "hours": "Mo-Sa 09:00-21:00; Su 10:00-19:00",
      "rating": null,
      "review_count": null,
      "claimed": false,
      "featured": false
    },
    {
      "name": "Abrams Family Dentistry",
      "category": "Dentist",
      "address": "140 US-46, Mount Olive, NJ 07828",
      "phone": "+1 973-691-8200",
      "email": "",
      "website": "https://www.drstevenabramsdentist.com/",
      "hours": "Mo-Tu 12:00-20:00; We off; Th 10:00-18:00; Fr off; Su off",
      "rating": null,
      "review_count": null,
      "claimed": false,
      "featured": false
    },
    {
      "name": "David W. Paulussen, DMD",
      "category": "Dentist",
      "address": "354 US Hwy 46 W, Mount Olive, NJ 07840",
      "phone": "+1 909 850 4200",
      "email": "",
      "website": "",
      "hours": "",
      "rating": null,
      "review_count": null,
      "claimed": false,
      "featured": false
    },
    {
      "name": "Gentle Family Dentristy",
      "category": "Dentist",
      "address": "382 US-46, Mount Olive, NJ 07828",
      "phone": "+1 973-691-1200",
      "email": "",
      "website": "https://www.buddlakedental.com/",
      "hours": "Mo 08:30-17:00; Tu 08:30-18:00; We off; Th 08:30-18:00; Fr 08:30-14:00; Sa off",
      "rating": null,
      "review_count": null,
      "claimed": false,
      "featured": false
    },
    {
      "name": "Legacy Family Dental",
      "category": "Dentist",
      "address": "100 Rt 46, Mount Olive, NJ 07828",
      "phone": "+1 973-263-6400",
      "email": "",
      "website": "https://www.lfdnj.com/",
      "hours": "",
      "rating": null,
      "review_count": null,
      "claimed": false,
      "featured": false
    },
    {
      "name": "Mount Olive Family Dental",
      "category": "Dentist",
      "address": "88 Flanders - Bartley Road, Mount Olive, NJ 07836",
      "phone": "+1 973-584-5550",
      "email": "",
      "website": "https://www.flandersdentist.com/",
      "hours": "Tu 11:00-20:00; Th,Fr 08:00-17:00",
      "rating": null,
      "review_count": null,
      "claimed": false,
      "featured": false
    },
    {
      "name": "Rand Center for Dentistry",
      "category": "Dentist",
      "address": "191 US 206, Mount Olive, NJ 07836",
      "phone": "+1 973-370-8917",
      "email": "frontdesk@RandDental.com",
      "website": "https://www.randdental.com/",
      "hours": "Mo-Th 08:00-20:00; Tu,Fr 08:00-17:00",
      "rating": null,
      "review_count": null,
      "claimed": false,
      "featured": false
    },
    {
      "name": "Ross",
      "category": "Department Store",
      "address": "30 International Drive South, Mount Olive, NJ 07836",
      "phone": "+1 973-691-3008",
      "email": "",
      "website": "",
      "hours": "Mo-Th 09:00-22:00; Fr-Sa 09:00-22:30; Su 09:00-21:00",
      "rating": null,
      "review_count": null,
      "claimed": false,
      "featured": false
    },
    {
      "name": "TJ Maxx",
      "category": "Department Store",
      "address": "30 International Drive South, Mount Olive, NJ 07836",
      "phone": "+1-973-448-0278",
      "email": "",
      "website": "",
      "hours": "",
      "rating": null,
      "review_count": null,
      "claimed": false,
      "featured": false
    },
    {
      "name": "Walmart",
      "category": "Department Store",
      "address": "40 International Drive South, Mount Olive, NJ 07836",
      "phone": "+1 973-347-7400",
      "email": "",
      "website": "https://www.walmart.com/store/3291-flanders-nj",
      "hours": "Mo-Su 07:00-23:00",
      "rating": null,
      "review_count": null,
      "claimed": false,
      "featured": false
    },
    {
      "name": "Asthma & Allergy Care PLC",
      "category": "Doctor",
      "address": "354 US Hwy 46 W, Mount Olive, NJ 07840",
      "phone": "",
      "email": "",
      "website": "",
      "hours": "",
      "rating": null,
      "review_count": null,
      "claimed": false,
      "featured": false
    },
    {
      "name": "Lowe's",
      "category": "Doityourself",
      "address": "20 International Drive South, Mount Olive, NJ 07836",
      "phone": "+1 973-426-0634",
      "email": "",
      "website": "https://www.lowes.com/store/nj-flanders/1512",
      "hours": "Mo-Sa 06:00-22:00; Su 07:00-20:00",
      "rating": null,
      "review_count": null,
      "claimed": false,
      "featured": false
    },
    {
      "name": "Flanders Cleaners",
      "category": "Dry Cleaning",
      "address": "293 US 206, Mount Olive, NJ 07836",
      "phone": "+1-973-584-2288",
      "email": "",
      "website": "",
      "hours": "",
      "rating": null,
      "review_count": null,
      "claimed": false,
      "featured": false
    },
    {
      "name": "My Sweet Cleaners",
      "category": "Dry Cleaning",
      "address": "205 US 46, Mount Olive, NJ 07828",
      "phone": "",
      "email": "",
      "website": "",
      "hours": "",
      "rating": null,
      "review_count": null,
      "claimed": false,
      "featured": false
    },
    {
      "name": "Young Cleaners",
      "category": "Dry Cleaning",
      "address": "240 US 206, Mount Olive, NJ 07836",
      "phone": "+1-973-927-0067",
      "email": "",
      "website": "",
      "hours": "",
      "rating": null,
      "review_count": null,
      "claimed": false,
      "featured": false
    },
    {
      "name": "Chef It Up",
      "category": "Educational institution",
      "address": "141 US-46, Mount Olive, NJ 07828",
      "phone": "+1-973-300-8898",
      "email": "",
      "website": "https://chefitupkids.com/",
      "hours": "",
      "rating": null,
      "review_count": null,
      "claimed": false,
      "featured": false
    },
    {
      "name": "Approved Auto Electric Exchange",
      "category": "Electrical",
      "address": "433 US 46, Mount Olive, NJ 07840",
      "phone": "850-6665",
      "email": "",
      "website": "",
      "hours": "",
      "rating": null,
      "review_count": null,
      "claimed": false,
      "featured": false
    },
    {
      "name": "Special Technical Services",
      "category": "Electrical",
      "address": "295 US-46, Mount Olive, NJ 07828",
      "phone": "+1-609-259-2626",
      "email": "",
      "website": "https://specialtechnicalservices.com/",
      "hours": "",
      "rating": null,
      "review_count": null,
      "claimed": false,
      "featured": false
    },
    {
      "name": "Rios Electric",
      "category": "Electrician",
      "address": "249 US 206, Mount Olive, NJ 07836",
      "phone": "+1-973-417-5869",
      "email": "",
      "website": "",
      "hours": "",
      "rating": null,
      "review_count": null,
      "claimed": false,
      "featured": false
    },
    {
      "name": "Express Employment Professionals",
      "category": "Employment Agency",
      "address": "453 US 46 East, Mount Olive, NJ 07840",
      "phone": "+1 908-813-8311",
      "email": "",
      "website": "",
      "hours": "",
      "rating": null,
      "review_count": null,
      "claimed": false,
      "featured": false
    },
    {
      "name": "Telesearch Staffing Solutions",
      "category": "Employment Agency",
      "address": "251 US 206, Mount Olive, NJ 07836",
      "phone": "+1-973-927-7870",
      "email": "flanders@telesearch.com",
      "website": "https://www.telesearch.com/",
      "hours": "",
      "rating": null,
      "review_count": null,
      "claimed": false,
      "featured": false
    },
    {
      "name": "Careaga Engineering Inc.",
      "category": "Engineer",
      "address": "382 US-46, Mount Olive, NJ 07828",
      "phone": "+1 973-448-0651",
      "email": "jeff@Careagaengineering.com",
      "website": "https://www.careagaengineering.com/",
      "hours": "",
      "rating": null,
      "review_count": null,
      "claimed": false,
      "featured": false
    },
    {
      "name": "Civil Engineering Inc.",
      "category": "Engineer",
      "address": "1 Cove Street, Mount Olive, NJ 07828",
      "phone": "+1-973-426-1776",
      "email": "info@civilengineeringinc.com",
      "website": "https://civilengineeringinc.com/",
      "hours": "Mo-Fr 08:00-17:00",
      "rating": null,
      "review_count": null,
      "claimed": false,
      "featured": false
    },
    {
      "name": "Anna's Bagels and Deli",
      "category": "Fast Food",
      "address": "240 US 206, Mount Olive, NJ 07836",
      "phone": "+1-862-251-4680",
      "email": "",
      "website": "https://www.annasbagels.com/",
      "hours": "",
      "rating": null,
      "review_count": null,
      "claimed": false,
      "featured": false
    },
    {
      "name": "B.J. Sandwhich Shop",
      "category": "Fast Food",
      "address": "329 US 46, Mount Olive, NJ 07828",
      "phone": "+1 973-448-0303",
      "email": "",
      "website": "",
      "hours": "",
      "rating": null,
      "review_count": null,
      "claimed": false,
      "featured": false
    },
    {
      "name": "Bubbakoo's Burritos",
      "category": "Fast Food",
      "address": "100 US-46, Mount Olive, NJ 07828",
      "phone": "+1-862-254-2533",
      "email": "",
      "website": "https://www.bubbakoos.com/",
      "hours": "",
      "rating": null,
      "review_count": null,
      "claimed": false,
      "featured": false
    },
    {
      "name": "Budd Lake Bagle & Deli",
      "category": "Fast Food",
      "address": "141 US-46, Mount Olive, NJ 07828",
      "phone": "+1-973-448-1300",
      "email": "",
      "website": "https://buddlakebagel.com/",
      "hours": "",
      "rating": null,
      "review_count": null,
      "claimed": false,
      "featured": false
    },
    {
      "name": "Burger King",
      "category": "Fast Food",
      "address": "Mount Olive, NJ",
      "phone": "",
      "email": "",
      "website": "",
      "hours": "",
      "rating": null,
      "review_count": null,
      "claimed": false,
      "featured": false
    },
    {
      "name": "Burger King",
      "category": "Fast Food",
      "address": "399 Route 46, Mount Olive, NJ 07840-2672",
      "phone": "+1 908-852-9643",
      "email": "",
      "website": "https://www.bk.com/store-locator/store/restaurant_7254",
      "hours": "Mo-Fr 06:00-21:00; Sa-Su 07:00-21:00",
      "rating": null,
      "review_count": null,
      "claimed": false,
      "featured": false
    },
    {
      "name": "Chipotle",
      "category": "Fast Food",
      "address": "50 International Drive, Mount Olive, NJ 07836",
      "phone": "",
      "email": "",
      "website": "",
      "hours": "",
      "rating": null,
      "review_count": null,
      "claimed": false,
      "featured": false
    },
    {
      "name": "Domino's",
      "category": "Fast Food",
      "address": "141 US-46, Mount Olive, NJ 07828",
      "phone": "+1 973-691-8900",
      "email": "",
      "website": "https://pizza.dominos.com/new-jersey/budd-lake/141-route-46",
      "hours": "Mo-Th 10:30-24:00; Fr-Sa 10:30-01:00; Su 10:30-24:00",
      "rating": null,
      "review_count": null,
      "claimed": false,
      "featured": false
    },
    {
      "name": "Domino's",
      "category": "Fast Food",
      "address": "Mount Olive, NJ",
      "phone": "",
      "email": "",
      "website": "",
      "hours": "",
      "rating": null,
      "review_count": null,
      "claimed": false,
      "featured": false
    },
    {
      "name": "Dunkin'",
      "category": "Fast Food",
      "address": "100 Rt 46, Mount Olive, NJ 07828",
      "phone": "+1 973-347-9890",
      "email": "",
      "website": "https://locations.dunkindonuts.com/en/nj/budd-lake/100-us-highway-46-w/302356",
      "hours": "24/7",
      "rating": null,
      "review_count": null,
      "claimed": false,
      "featured": false
    },
    {
      "name": "Dunkin'",
      "category": "Fast Food",
      "address": "375 US-46, Mount Olive, NJ 07828",
      "phone": "+1 973-527-7686",
      "email": "",
      "website": "https://locations.dunkindonuts.com/en/nj/budd-lake/375-us-highway-46/340687",
      "hours": "05:00-19:00",
      "rating": null,
      "review_count": null,
      "claimed": false,
      "featured": false
    },
    {
      "name": "Dunkin'",
      "category": "Fast Food",
      "address": "295 Highway 206, Mount Olive, NJ 07836",
      "phone": "+1 973-927-6121",
      "email": "",
      "website": "https://locations.dunkindonuts.com/en/nj/flanders/295-us-highway-206/302666",
      "hours": "04:00-23:00",
      "rating": null,
      "review_count": null,
      "claimed": false,
      "featured": false
    },
    {
      "name": "Flanders Bagels",
      "category": "Fast Food",
      "address": "293 US 206, Mount Olive, NJ 07836",
      "phone": "+1-973-584-4933",
      "email": "",
      "website": "https://www.flandersbagelstogo.com",
      "hours": "",
      "rating": null,
      "review_count": null,
      "claimed": false,
      "featured": false
    },
    {
      "name": "Hardee's",
      "category": "Fast Food",
      "address": "Mount Olive, NJ",
      "phone": "",
      "email": "",
      "website": "",
      "hours": "",
      "rating": null,
      "review_count": null,
      "claimed": false,
      "featured": false
    },
    {
      "name": "Jersey Mike's Subs",
      "category": "Fast Food",
      "address": "100 US-46, Mount Olive, NJ 07828",
      "phone": "+1-973-343-0343",
      "email": "",
      "website": "https://www.jerseymikes.com/1118/budd-lake-nj",
      "hours": "",
      "rating": null,
      "review_count": null,
      "claimed": false,
      "featured": false
    },
    {
      "name": "McDonald's",
      "category": "Fast Food",
      "address": "30 International Drive, Mount Olive, NJ 07836",
      "phone": "+1 973-448-9107",
      "email": "",
      "website": "https://www.mcdonalds.com/us/en-us/location/27786.html",
      "hours": "05:30-23:00",
      "rating": null,
      "review_count": null,
      "claimed": false,
      "featured": false
    },
    {
      "name": "McDonald's",
      "category": "Fast Food",
      "address": "293 Route 206, Mount Olive, NJ 07836",
      "phone": "+1 973-584-3853",
      "email": "",
      "website": "https://www.mcdonalds.com/us/en-us/location/7843.html",
      "hours": "Mo-Su 05:30-23:00",
      "rating": null,
      "review_count": null,
      "claimed": false,
      "featured": false
    },
    {
      "name": "Mt. Olive Bagels",
      "category": "Fast Food",
      "address": "135 US 46, Mount Olive, NJ 07828",
      "phone": "+1 862-254-2100",
      "email": "",
      "website": "https://www.mtolivebagels.com/",
      "hours": "Mo-Fr 05:30-15:00; Sa-Su 06:00-14:00",
      "rating": null,
      "review_count": null,
      "claimed": false,
      "featured": false
    },
    {
      "name": "Panda Express",
      "category": "Fast Food",
      "address": "50 International Drive, Mount Olive, NJ 07836",
      "phone": "+1-862-418-3377",
      "email": "",
      "website": "https://www.pandaexpress.com/locations/nj/flanders/3879",
      "hours": "Mo-Sa 10:30-21:30; Su 11:00-21:30",
      "rating": null,
      "review_count": null,
      "claimed": false,
      "featured": false
    },
    {
      "name": "Panera Bread",
      "category": "Fast Food",
      "address": "30 International Drive, Mount Olive, NJ 07836",
      "phone": "+1 973-426-9200",
      "email": "",
      "website": "https://locations.panerabread.com/nj/mount-olive-township/30-international-drive-s.html",
      "hours": "Mo-Sa 07:00-22:00; Su 07:00-21:00",
      "rating": null,
      "review_count": null,
      "claimed": false,
      "featured": false
    },
    {
      "name": "Subway",
      "category": "Fast Food",
      "address": "61 International Drive, Mount Olive, NJ 07828",
      "phone": "+1 973-347-2022",
      "email": "",
      "website": "https://restaurants.subway.com/united-states/nj/budd-lake/61-international-dr",
      "hours": "Mo-Sa 10:00-20:00; Su 10:00-19:00",
      "rating": null,
      "review_count": null,
      "claimed": false,
      "featured": false
    },
    {
      "name": "Taco Bell",
      "category": "Fast Food",
      "address": "Mount Olive, NJ",
      "phone": "",
      "email": "",
      "website": "",
      "hours": "",
      "rating": null,
      "review_count": null,
      "claimed": false,
      "featured": false
    },
    {
      "name": "Wendy's",
      "category": "Fast Food",
      "address": "Mount Olive, NJ",
      "phone": "",
      "email": "",
      "website": "",
      "hours": "",
      "rating": null,
      "review_count": null,
      "claimed": false,
      "featured": false
    },
    {
      "name": "Wendy's",
      "category": "Fast Food",
      "address": "50 International Drive South, Mount Olive, NJ 07836",
      "phone": "+1 973-448-9500",
      "email": "",
      "website": "https://locations.wendys.com/united-states/nj/flanders/50-international-drive-south",
      "hours": "08:00-22:00",
      "rating": null,
      "review_count": null,
      "claimed": false,
      "featured": false
    },
    {
      "name": "Family Florist",
      "category": "Florist",
      "address": "1 Old Wolfe Road, Mount Olive, NJ 07828",
      "phone": "+1-973-347-6636",
      "email": "floristlinda@yahoo.com",
      "website": "https://www.familyfloristonline.net",
      "hours": "",
      "rating": null,
      "review_count": null,
      "claimed": false,
      "featured": false
    },
    {
      "name": "Flowers By Trish",
      "category": "Florist",
      "address": "240 US 206, Mount Olive, NJ",
      "phone": "+1-973-584-8018",
      "email": "",
      "website": "",
      "hours": "",
      "rating": null,
      "review_count": null,
      "claimed": false,
      "featured": false
    },
    {
      "name": "Mt. Olive Furniture",
      "category": "Furniture Store",
      "address": "453 US-46 Easter, Mount Olive, NJ 07840",
      "phone": "",
      "email": "",
      "website": "",
      "hours": "",
      "rating": null,
      "review_count": null,
      "claimed": false,
      "featured": false
    },
    {
      "name": "PMZ Landscaping",
      "category": "Gardener",
      "address": "382 US-46, Mount Olive, NJ 07828",
      "phone": "+1-973-347-7019",
      "email": "pmzland@msn.com",
      "website": "https://pmzlandscaping.com/",
      "hours": "",
      "rating": null,
      "review_count": null,
      "claimed": false,
      "featured": false
    },
    {
      "name": "PMZ Landscaping",
      "category": "Gardener",
      "address": "172 Smithtown Road, Mount Olive, NJ 07840",
      "phone": "+1-973-347-7019",
      "email": "",
      "website": "https://pmzlandscaping.com/",
      "hours": "",
      "rating": null,
      "review_count": null,
      "claimed": false,
      "featured": false
    },
    {
      "name": "Delta",
      "category": "Gas Station",
      "address": "114 US 206, Mount Olive, NJ 07836",
      "phone": "",
      "email": "",
      "website": "",
      "hours": "",
      "rating": null,
      "review_count": null,
      "claimed": false,
      "featured": false
    },
    {
      "name": "Exxon",
      "category": "Gas Station",
      "address": "18 US-46, Mount Olive, NJ 07828",
      "phone": "+1-908-862-8623",
      "email": "",
      "website": "",
      "hours": "",
      "rating": null,
      "review_count": null,
      "claimed": false,
      "featured": false
    },
    {
      "name": "Exxon",
      "category": "Gas Station",
      "address": "Mount Olive, NJ",
      "phone": "+1 908-813-8700",
      "email": "",
      "website": "https://www.exxon.com/",
      "hours": "",
      "rating": null,
      "review_count": null,
      "claimed": false,
      "featured": false
    },
    {
      "name": "Gulf",
      "category": "Gas Station",
      "address": "15 US 46, Mount Olive, NJ 07828",
      "phone": "+1 937-347-4969",
      "email": "",
      "website": "",
      "hours": "Mo-Fr 05:00-22:00; Sa 06:00-21:00; Su 07:00-21:00",
      "rating": null,
      "review_count": null,
      "claimed": false,
      "featured": false
    },
    {
      "name": "Marathon",
      "category": "Gas Station",
      "address": "213 US 46, Mount Olive, NJ 07828",
      "phone": "",
      "email": "",
      "website": "",
      "hours": "",
      "rating": null,
      "review_count": null,
      "claimed": false,
      "featured": false
    },
    {
      "name": "Murphy USA",
      "category": "Gas Station",
      "address": "Mount Olive, NJ",
      "phone": "",
      "email": "",
      "website": "",
      "hours": "",
      "rating": null,
      "review_count": null,
      "claimed": false,
      "featured": false
    },
    {
      "name": "Phillips 66",
      "category": "Gas Station",
      "address": "Mount Olive, NJ",
      "phone": "",
      "email": "",
      "website": "",
      "hours": "",
      "rating": null,
      "review_count": null,
      "claimed": false,
      "featured": false
    },
    {
      "name": "Phillips 66",
      "category": "Gas Station",
      "address": "113 US 46, Mount Olive, NJ 07828",
      "phone": "",
      "email": "",
      "website": "",
      "hours": "",
      "rating": null,
      "review_count": null,
      "claimed": false,
      "featured": false
    },
    {
      "name": "Phillips 66",
      "category": "Gas Station",
      "address": "236 US 206, Mount Olive, NJ 07836",
      "phone": "",
      "email": "",
      "website": "https://www.sunoco.com/locations/store/236-state-rte-206-flanders-nj-0515640100",
      "hours": "",
      "rating": null,
      "review_count": null,
      "claimed": false,
      "featured": false
    },
    {
      "name": "Shell",
      "category": "Gas Station",
      "address": "285 US 206, Mount Olive, NJ 07836",
      "phone": "",
      "email": "",
      "website": "",
      "hours": "",
      "rating": null,
      "review_count": null,
      "claimed": false,
      "featured": false
    },
    {
      "name": "Sunoco",
      "category": "Gas Station",
      "address": "341 US-46, Mount Olive, NJ 07828",
      "phone": "",
      "email": "",
      "website": "",
      "hours": "",
      "rating": null,
      "review_count": null,
      "claimed": false,
      "featured": false
    },
    {
      "name": "Wawa",
      "category": "Gas Station",
      "address": "Mount Olive, NJ",
      "phone": "",
      "email": "",
      "website": "",
      "hours": "24/7",
      "rating": null,
      "review_count": null,
      "claimed": false,
      "featured": false
    },
    {
      "name": "Edible Arrangements",
      "category": "Gift Shop",
      "address": "375 US 46, Mount Olive, NJ 07828",
      "phone": "+1 973-347-7666",
      "email": "",
      "website": "https://www.ediblearrangements.com/stores/375_route_46_budd_lake_nj_07828",
      "hours": "Mo-Fr 09:30-16:00; Sa 09:30-15:00",
      "rating": null,
      "review_count": null,
      "claimed": false,
      "featured": false
    },
    {
      "name": "Presents of Mind",
      "category": "Gift Shop",
      "address": "240 US 206, Mount Olive, NJ 07836",
      "phone": "",
      "email": "",
      "website": "",
      "hours": "",
      "rating": null,
      "review_count": null,
      "claimed": false,
      "featured": false
    },
    {
      "name": "Minuteman Press",
      "category": "Graphic design",
      "address": "445 US 46, Mount Olive, NJ 07840",
      "phone": "+1-908-852-7007",
      "email": "",
      "website": "https://minutemanpress.com/",
      "hours": "",
      "rating": null,
      "review_count": null,
      "claimed": false,
      "featured": false
    },
    {
      "name": "Fruvana",
      "category": "Greengrocer",
      "address": "30 International Drive, Mount Olive, NJ 07836",
      "phone": "+1-667-378-8262",
      "email": "",
      "website": "https://fruvana.com/",
      "hours": "",
      "rating": null,
      "review_count": null,
      "claimed": false,
      "featured": false
    },
    {
      "name": "RH Farms",
      "category": "Greengrocer",
      "address": "500 US 46, Mount Olive, NJ 07840",
      "phone": "+1-908-413-5662",
      "email": "",
      "website": "https://rhfarmsllc.wixsite.com/rhfarmsllc",
      "hours": "",
      "rating": null,
      "review_count": null,
      "claimed": false,
      "featured": false
    },
    {
      "name": "Verdi Fresh",
      "category": "Greengrocer",
      "address": "375 US-46, Mount Olive, NJ 07828",
      "phone": "",
      "email": "",
      "website": "",
      "hours": "",
      "rating": null,
      "review_count": null,
      "claimed": false,
      "featured": false
    },
    {
      "name": "Bella & Bello's Hair Studio",
      "category": "Hair Salon",
      "address": "7 Naughright Road, Mount Olive, NJ 07840",
      "phone": "",
      "email": "",
      "website": "",
      "hours": "",
      "rating": null,
      "review_count": null,
      "claimed": false,
      "featured": false
    },
    {
      "name": "Bill's Barber Shop",
      "category": "Hair Salon",
      "address": "Mount Olive, NJ",
      "phone": "",
      "email": "",
      "website": "",
      "hours": "",
      "rating": null,
      "review_count": null,
      "claimed": false,
      "featured": false
    },
    {
      "name": "Color Couture Salon & Spa",
      "category": "Hair Salon",
      "address": "240 US 206, Mount Olive, NJ 07836",
      "phone": "+1-973-252-5355",
      "email": "",
      "website": "",
      "hours": "",
      "rating": null,
      "review_count": null,
      "claimed": false,
      "featured": false
    },
    {
      "name": "Creative Hair Salon",
      "category": "Hair Salon",
      "address": "375 US 46, Mount Olive, NJ 07828",
      "phone": "+1 973-426-1600",
      "email": "",
      "website": "https://creativehairsalonn.wixsite.com/creative-hair-salon",
      "hours": "Mo-Fr 10:00-19:00; Sa 10:00-15:00",
      "rating": null,
      "review_count": null,
      "claimed": false,
      "featured": false
    },
    {
      "name": "Entourage Salon",
      "category": "Hair Salon",
      "address": "30 International Drive, Mount Olive, NJ 07836",
      "phone": "+1-973-426-0005",
      "email": "",
      "website": "https://entouragesalonnj.com/",
      "hours": "",
      "rating": null,
      "review_count": null,
      "claimed": false,
      "featured": false
    },
    {
      "name": "H.O.F. the SALON",
      "category": "Hair Salon",
      "address": "61 International Drive, Mount Olive, NJ 07828",
      "phone": "+1-973-426-1463",
      "email": "",
      "website": "https://www.hofthesalon.com/",
      "hours": "",
      "rating": null,
      "review_count": null,
      "claimed": false,
      "featured": false
    },
    {
      "name": "Lighten Up Hair Salon & Spa",
      "category": "Hair Salon",
      "address": "100 US-46, Mount Olive, NJ 07828",
      "phone": "+1-973-448-9296",
      "email": "",
      "website": "https://www.lightenupsalon.com",
      "hours": "",
      "rating": null,
      "review_count": null,
      "claimed": false,
      "featured": false
    },
    {
      "name": "Ron's Hair Studio",
      "category": "Hair Salon",
      "address": "382 US 46, Mount Olive, NJ 07828",
      "phone": "+1 908-441-6777",
      "email": "",
      "website": "www.ronshairstudio.com",
      "hours": "Mo Off; Tu 10:00-19:00; We off; Th-Fr 10:00-19:00; Sa 09:00-17:00; Su 12:00-17:00",
      "rating": null,
      "review_count": null,
      "claimed": false,
      "featured": false
    },
    {
      "name": "Sport Clips",
      "category": "Hair Salon",
      "address": "50 International Drive, Mount Olive, NJ 07836",
      "phone": "+1-973-448-2850",
      "email": "",
      "website": "https://sportclips.com/",
      "hours": "",
      "rating": null,
      "review_count": null,
      "claimed": false,
      "featured": false
    },
    {
      "name": "TG's Barber Shop",
      "category": "Hair Salon",
      "address": "117 US 46, Mount Olive, NJ 07828",
      "phone": "+1-973-809-5728",
      "email": "",
      "website": "",
      "hours": "Mo-Su 07:00-17:00; Sa 07:00-16:00",
      "rating": null,
      "review_count": null,
      "claimed": false,
      "featured": false
    },
    {
      "name": "Sally Beauty",
      "category": "Hairdresser supply",
      "address": "30 International Drive South, Mount Olive, NJ 07836",
      "phone": "",
      "email": "",
      "website": "",
      "hours": "",
      "rating": null,
      "review_count": null,
      "claimed": false,
      "featured": false
    },
    {
      "name": "Amish Mike",
      "category": "Hardware Store",
      "address": "480 US 46, Mount Olive, NJ 07840",
      "phone": "+1 973-691-1315",
      "email": "",
      "website": "https://amishmike.com/",
      "hours": "",
      "rating": null,
      "review_count": null,
      "claimed": false,
      "featured": false
    },
    {
      "name": "Epic Systems",
      "category": "Hifi",
      "address": "111 US-46, Mount Olive, NJ 07828",
      "phone": "+1-973-298-1000",
      "email": "",
      "website": "https://epicsystems.tech/",
      "hours": "Mo-Fr 09:00-17:00",
      "rating": null,
      "review_count": null,
      "claimed": false,
      "featured": false
    },
    {
      "name": "Baymont",
      "category": "Hotel",
      "address": "102 Rt 46, Mount Olive, NJ 07828",
      "phone": "+1 973-448-7500",
      "email": "",
      "website": "https://www.wyndhamhotels.com/baymont/budd-lake-new-jersey/baymont-budd-lake/overview",
      "hours": "",
      "rating": null,
      "review_count": null,
      "claimed": false,
      "featured": false
    },
    {
      "name": "Days Inn",
      "category": "Hotel",
      "address": "138 US 46, Mount Olive, NJ 07828",
      "phone": "+1 973-426-0800",
      "email": "",
      "website": "https://www.wyndhamhotels.com/days-inn/budd-lake-new-jersey/days-inn-budd-lake/overview",
      "hours": "",
      "rating": null,
      "review_count": null,
      "claimed": false,
      "featured": false
    },
    {
      "name": "Extended Stay America",
      "category": "Hotel",
      "address": "71 International Drive, Mount Olive, NJ 07828",
      "phone": "+1-937-347-5522",
      "email": "",
      "website": "https://www.extendedstayamerica.com/",
      "hours": "",
      "rating": null,
      "review_count": null,
      "claimed": false,
      "featured": false
    },
    {
      "name": "Residence Inn Mt. Olive at International Trade Center",
      "category": "Hotel",
      "address": "271 Continental Drive, Mount Olive, NJ 07874",
      "phone": "+1 973-691-1720",
      "email": "",
      "website": "https://www.marriott.com/hotels/travel/cdwri-residence-inn-mt.-olive-at-international-trade-center/",
      "hours": "",
      "rating": null,
      "review_count": null,
      "claimed": false,
      "featured": false
    },
    {
      "name": "HomeGoods",
      "category": "Houseware",
      "address": "50 International Drive, Mount Olive, NJ 07836",
      "phone": "+1 973-448-6780",
      "email": "",
      "website": "https://www.homegoods.com/",
      "hours": "Mo-Sa 09:30-21:30; Su 10:00-20:00",
      "rating": null,
      "review_count": null,
      "claimed": false,
      "featured": false
    },
    {
      "name": "Sal Zito Heating and Cooling",
      "category": "HVAC",
      "address": "184 US-46, Mount Olive, NJ 07828",
      "phone": "",
      "email": "",
      "website": "",
      "hours": "",
      "rating": null,
      "review_count": null,
      "claimed": false,
      "featured": false
    },
    {
      "name": "Schaible's",
      "category": "HVAC",
      "address": "453 US 46 East, Mount Olive, NJ 07840",
      "phone": "",
      "email": "",
      "website": "",
      "hours": "",
      "rating": null,
      "review_count": null,
      "claimed": false,
      "featured": false
    },
    {
      "name": "State Farm Insurance - Tom Maisano",
      "category": "Insurance",
      "address": "238 US-46 West, Mount Olive, NJ 07828",
      "phone": "+1-973-691-1212",
      "email": "",
      "website": "https://tommaisano.com/",
      "hours": "Mo-Fr 09:00-17:00",
      "rating": null,
      "review_count": null,
      "claimed": false,
      "featured": false
    },
    {
      "name": "Juliana's Fine Jewelry",
      "category": "Jewelry Store",
      "address": "141 US-46, Mount Olive, NJ 07828",
      "phone": "+1-973-448-8777",
      "email": "",
      "website": "https://julianasfinejewelry.com/",
      "hours": "",
      "rating": null,
      "review_count": null,
      "claimed": false,
      "featured": false
    },
    {
      "name": "Dino Mart",
      "category": "Kiosk",
      "address": "213 US 46, Mount Olive, NJ 07828",
      "phone": "",
      "email": "",
      "website": "",
      "hours": "",
      "rating": null,
      "review_count": null,
      "claimed": false,
      "featured": false
    },
    {
      "name": "Budd Lake Laundromat",
      "category": "Laundromat",
      "address": "141 US-46, Mount Olive, NJ 07828",
      "phone": "+1-973-448-0100",
      "email": "",
      "website": "",
      "hours": "24/7",
      "rating": null,
      "review_count": null,
      "claimed": false,
      "featured": false
    },
    {
      "name": "Budd Wash & Dry",
      "category": "Laundromat",
      "address": "7 Naughright Road, Mount Olive, NJ 07840",
      "phone": "+1 908-684-8110",
      "email": "",
      "website": "",
      "hours": "",
      "rating": null,
      "review_count": null,
      "claimed": false,
      "featured": false
    },
    {
      "name": "Professional Cleaners",
      "category": "Laundromat",
      "address": "Mount Olive, NJ",
      "phone": "",
      "email": "",
      "website": "",
      "hours": "",
      "rating": null,
      "review_count": null,
      "claimed": false,
      "featured": false
    },
    {
      "name": "Buy-Rite Liquors",
      "category": "Liquor Store",
      "address": "286 US 206, Mount Olive, NJ 07836",
      "phone": "+1-973-584-5700",
      "email": "buyriteflanders@gmail.com",
      "website": "",
      "hours": "",
      "rating": null,
      "review_count": null,
      "claimed": false,
      "featured": false
    },
    {
      "name": "George's Liquor and Deli",
      "category": "Liquor Store",
      "address": "114 US 46, Mount Olive, NJ 07828",
      "phone": "",
      "email": "",
      "website": "",
      "hours": "",
      "rating": null,
      "review_count": null,
      "claimed": false,
      "featured": false
    },
    {
      "name": "Sandy's",
      "category": "Liquor Store",
      "address": "Mount Olive, NJ",
      "phone": "",
      "email": "",
      "website": "",
      "hours": "",
      "rating": null,
      "review_count": null,
      "claimed": false,
      "featured": false
    },
    {
      "name": "Sandy's Wine & Spirits",
      "category": "Liquor Store",
      "address": "98 US-46, Mount Olive, NJ 07828",
      "phone": "+1 973-691-0050",
      "email": "",
      "website": "https://sandyswine.com/",
      "hours": "",
      "rating": null,
      "review_count": null,
      "claimed": false,
      "featured": false
    },
    {
      "name": "Sandy's Wine and Spirits",
      "category": "Liquor Store",
      "address": "293 US 206, Mount Olive, NJ 07836",
      "phone": "+1-973-584-0333",
      "email": "",
      "website": "",
      "hours": "",
      "rating": null,
      "review_count": null,
      "claimed": false,
      "featured": false
    },
    {
      "name": "Hand & Stone Massage and Facial Spa",
      "category": "Massage",
      "address": "30 International Drive, Mount Olive, NJ 07836",
      "phone": "+1-862-345-7732",
      "email": "",
      "website": "https://www.handandstoneflanders.com/",
      "hours": "",
      "rating": null,
      "review_count": null,
      "claimed": false,
      "featured": false
    },
    {
      "name": "Healing Hands Massage",
      "category": "Massage",
      "address": "264 US 206, Mount Olive, NJ 07836",
      "phone": "+1-856-542-1615",
      "email": "",
      "website": "",
      "hours": "",
      "rating": null,
      "review_count": null,
      "claimed": false,
      "featured": false
    },
    {
      "name": "Olive Spa",
      "category": "Massage",
      "address": "3 Netcong Road, Mount Olive, NJ 07828",
      "phone": "+1-973-691-1100",
      "email": "",
      "website": "https://olivespa.us/",
      "hours": "",
      "rating": null,
      "review_count": null,
      "claimed": false,
      "featured": false
    },
    {
      "name": "Phases Spa",
      "category": "Massage",
      "address": "133 US-46, Mount Olive, NJ 07828",
      "phone": "+1-973-426-0026",
      "email": "",
      "website": "",
      "hours": "",
      "rating": null,
      "review_count": null,
      "claimed": false,
      "featured": false
    },
    {
      "name": "TuiNa Massage & Health Center",
      "category": "Massage",
      "address": "Mount Olive, NJ",
      "phone": "+1-973-598-8888",
      "email": "",
      "website": "",
      "hours": "",
      "rating": null,
      "review_count": null,
      "claimed": false,
      "featured": false
    },
    {
      "name": "Central Medical Supply Inc",
      "category": "Medical supply",
      "address": "240 US 206, Mount Olive, NJ 07836",
      "phone": "+1-973-927-3032",
      "email": "",
      "website": "https://centralmedsupply.com/",
      "hours": "",
      "rating": null,
      "review_count": null,
      "claimed": false,
      "featured": false
    },
    {
      "name": "Midwives of New Jersey",
      "category": "Midwife",
      "address": "125 US-46, Mount Olive, NJ 07828",
      "phone": "+1-908-509-1801",
      "email": "",
      "website": "https://midwivesofnj.com/locations/mount-olive/",
      "hours": "",
      "rating": null,
      "review_count": null,
      "claimed": false,
      "featured": false
    },
    {
      "name": "T-Mobile",
      "category": "Mobile Phone Store",
      "address": "30 International Drive South, Mount Olive, NJ 07836",
      "phone": "+1-973-691-3052",
      "email": "",
      "website": "https://t-mobile.com/",
      "hours": "",
      "rating": null,
      "review_count": null,
      "claimed": false,
      "featured": false
    },
    {
      "name": "Verizon",
      "category": "Mobile Phone Store",
      "address": "Mount Olive, NJ",
      "phone": "+1-973-584-5100",
      "email": "",
      "website": "https://www.verizon.com/stores/details/new-jersey/flanders/wireless-zone-flanders-a00000346519/",
      "hours": "Mo-Th 10:00-20:00; Fr-Sa 08:00-20:00; Su 11:00-18:00",
      "rating": null,
      "review_count": null,
      "claimed": false,
      "featured": false
    },
    {
      "name": "F&M Hobby Center",
      "category": "Model",
      "address": "240 US 206, Mount Olive, NJ 07836",
      "phone": "+1-973-361-0042",
      "email": "fandmhobbies@hotmail.com",
      "website": "https://fandmhobbies.com/",
      "hours": "",
      "rating": null,
      "review_count": null,
      "claimed": false,
      "featured": false
    },
    {
      "name": "Budd Lake Motel",
      "category": "Motel",
      "address": "110 US 46, Mount Olive, NJ 07828",
      "phone": "+1 973-691-9616",
      "email": "",
      "website": "https://buddlakemotel.business.site/",
      "hours": "",
      "rating": null,
      "review_count": null,
      "claimed": false,
      "featured": false
    },
    {
      "name": "Robbies Music City",
      "category": "Music Store",
      "address": "US-46, Mount Olive, NJ",
      "phone": "",
      "email": "",
      "website": "",
      "hours": "",
      "rating": null,
      "review_count": null,
      "claimed": false,
      "featured": false
    },
    {
      "name": "Flanders Family Eye Care",
      "category": "Optometrist",
      "address": "240 US 206, Mount Olive, NJ 07836",
      "phone": "+1-973-252-1119",
      "email": "",
      "website": "https://flandersfamilyeyecare.com/",
      "hours": "",
      "rating": null,
      "review_count": null,
      "claimed": false,
      "featured": false
    },
    {
      "name": "Vision Source of Mt. Olive",
      "category": "Optometrist",
      "address": "135 US-46, Mount Olive, NJ 07828",
      "phone": "+1-855-948-2020",
      "email": "",
      "website": "https://visionsourcemtolive.com/",
      "hours": "",
      "rating": null,
      "review_count": null,
      "claimed": false,
      "featured": false
    },
    {
      "name": "Ricciardi Brothers - Benjamin Moore",
      "category": "Paint",
      "address": "244 US 206, Mount Olive, NJ 07836",
      "phone": "+1-973-970-6100",
      "email": "",
      "website": "https://ricciardibrothers.com/",
      "hours": "",
      "rating": null,
      "review_count": null,
      "claimed": false,
      "featured": false
    },
    {
      "name": "Dollar & Party Mart",
      "category": "Party",
      "address": "7 Naughright Road, Mount Olive, NJ",
      "phone": "+1 908-813-8270",
      "email": "",
      "website": "",
      "hours": "",
      "rating": null,
      "review_count": null,
      "claimed": false,
      "featured": false
    },
    {
      "name": "PetSmart",
      "category": "Pet Store",
      "address": "50 International Drive, Mount Olive, NJ 07836",
      "phone": "+1 973-448-7601",
      "email": "",
      "website": "https://www.petsmart.com/stores/us/nj/flanders-store1524.html",
      "hours": "Mo-Sa 09:00-21:00; Su 09:00-18:00",
      "rating": null,
      "review_count": null,
      "claimed": false,
      "featured": false
    },
    {
      "name": "CVS Pharmacy",
      "category": "Pharmacy",
      "address": "255 US 46, Mount Olive, NJ 07828",
      "phone": "+1-973-448-9051",
      "email": "",
      "website": "https://www.cvs.com/store-locator/budd-lake-nj-pharmacies/255-us-highway-46-budd-lake-nj-07828/storeid=2092",
      "hours": "",
      "rating": null,
      "review_count": null,
      "claimed": false,
      "featured": false
    },
    {
      "name": "Walmart Pharmacy",
      "category": "Pharmacy",
      "address": "40 International Drive South, Mount Olive, NJ 07836",
      "phone": "",
      "email": "",
      "website": "https://www.walmart.com/store/3291-flanders-nj/pharmacy",
      "hours": "",
      "rating": null,
      "review_count": null,
      "claimed": false,
      "featured": false
    },
    {
      "name": "Silveira's Touch Photography",
      "category": "Photographer",
      "address": "Mount Olive, NJ",
      "phone": "",
      "email": "",
      "website": "",
      "hours": "",
      "rating": null,
      "review_count": null,
      "claimed": false,
      "featured": false
    },
    {
      "name": "Drayer Physical Therapy Institute",
      "category": "Physiotherapist",
      "address": "244 US 206, Mount Olive, NJ 07836",
      "phone": "",
      "email": "",
      "website": "",
      "hours": "",
      "rating": null,
      "review_count": null,
      "claimed": false,
      "featured": false
    },
    {
      "name": "Ivy Rehab Physical Therapy",
      "category": "Physiotherapist",
      "address": "7 Naughright Road, Mount Olive, NJ 07840",
      "phone": "+1 908-922-4722",
      "email": "",
      "website": "https://www.ivyrehab.com/location/mount-olive-nj/",
      "hours": "",
      "rating": null,
      "review_count": null,
      "claimed": false,
      "featured": false
    },
    {
      "name": "Kessler Rehability center",
      "category": "Physiotherapist",
      "address": "293 US 206, Mount Olive, NJ 07836",
      "phone": "+1-908-955-0071",
      "email": "",
      "website": "https://www.kesslerrehabilitationcenter.com/contact/find-a-location/nj/flanders/flanders/",
      "hours": "",
      "rating": null,
      "review_count": null,
      "claimed": false,
      "featured": false
    },
    {
      "name": "Sebpol LLC",
      "category": "Plumber",
      "address": "40 Alcrest Avenue, Mount Olive, NJ 07828",
      "phone": "+1-908-347-3281",
      "email": "",
      "website": "https://sebpolllc.net",
      "hours": "Mo-Fr 07:30-17:00; Sa 08:30-14:30",
      "rating": null,
      "review_count": null,
      "claimed": false,
      "featured": false
    },
    {
      "name": "Little Free Library",
      "category": "Public bookcase",
      "address": "Mount Olive, NJ",
      "phone": "",
      "email": "",
      "website": "",
      "hours": "",
      "rating": null,
      "review_count": null,
      "claimed": false,
      "featured": false
    },
    {
      "name": "Home World Inc.",
      "category": "Real Estate",
      "address": "240 US 206, Mount Olive, NJ 07836",
      "phone": "",
      "email": "",
      "website": "",
      "hours": "",
      "rating": null,
      "review_count": null,
      "claimed": false,
      "featured": false
    },
    {
      "name": "Jersey Success Realty",
      "category": "Real Estate",
      "address": "389 US-46, Mount Olive, NJ 07828",
      "phone": "+1-973-691-0022",
      "email": "",
      "website": "",
      "hours": "",
      "rating": null,
      "review_count": null,
      "claimed": false,
      "featured": false
    },
    {
      "name": "RE/MAX",
      "category": "Real Estate",
      "address": "293 US 206, Mount Olive, NJ 07836",
      "phone": "+1-973-598-1700",
      "email": "",
      "website": "https://www.heritagepropertiesrealestate.com/",
      "hours": "",
      "rating": null,
      "review_count": null,
      "claimed": false,
      "featured": false
    },
    {
      "name": "Kessler Rehabilition Center",
      "category": "Rehabilitation",
      "address": "135 US-46, Mount Olive, NJ 07828",
      "phone": "+1 973-691-4244",
      "email": "",
      "website": "https://www.kesslerrehabilitationcenter.com/contact/find-a-location/nj/budd-lake/budd-lake/",
      "hours": "",
      "rating": null,
      "review_count": null,
      "claimed": false,
      "featured": false
    },
    {
      "name": "N.E.S. Rentals",
      "category": "Rental",
      "address": "180 US 46, Mount Olive, NJ 07828",
      "phone": "",
      "email": "",
      "website": "https://nes-services.pointofrentalcloud.com/portal/",
      "hours": "",
      "rating": null,
      "review_count": null,
      "claimed": false,
      "featured": false
    },
    {
      "name": "Applebee's",
      "category": "Restaurant",
      "address": "50 International Drive, Mount Olive, NJ 07836",
      "phone": "+1-973-448-9996",
      "email": "",
      "website": "https://restaurants.applebees.com/en-us/nj/flanders/50-international-dr-s-75026",
      "hours": "",
      "rating": null,
      "review_count": null,
      "claimed": false,
      "featured": false
    },
    {
      "name": "Branda's Italian Grill",
      "category": "Restaurant",
      "address": "1 Mount Olive Road, Mount Olive, NJ 07828",
      "phone": "+1 973-448-0300",
      "email": "",
      "website": "https://www.brandasitaliangrill.com/",
      "hours": "Mo-Th 11:00-21:00; Fr-Sa 11:00-21:30; Su 13:00-21:00",
      "rating": null,
      "review_count": null,
      "claimed": false,
      "featured": false
    },
    {
      "name": "Budd Lake Diner",
      "category": "Restaurant",
      "address": "120 US-46, Mount Olive, NJ 07828",
      "phone": "+1-973-691-9100",
      "email": "",
      "website": "http://buddlakedinernj.com/",
      "hours": "",
      "rating": null,
      "review_count": null,
      "claimed": false,
      "featured": false
    },
    {
      "name": "Carol's on the Water",
      "category": "Restaurant",
      "address": "97 Sand Shore Road, Mount Olive, NJ 07828",
      "phone": "+1 862-258-3024",
      "email": "",
      "website": "https://carolsonthewater.com/",
      "hours": "We-Sa 11:00-20:00",
      "rating": null,
      "review_count": null,
      "claimed": false,
      "featured": false
    },
    {
      "name": "Chili's",
      "category": "Restaurant",
      "address": "53 International Drive South, Mount Olive, NJ 07836",
      "phone": "+1 973-691-8356",
      "email": "",
      "website": "https://www.chilis.com/locations/us/new-jersey/flanders/mt-olive",
      "hours": "",
      "rating": null,
      "review_count": null,
      "claimed": false,
      "featured": false
    },
    {
      "name": "China House",
      "category": "Restaurant",
      "address": "286 US 206, Mount Olive, NJ 07836",
      "phone": "+1-973-927-7998",
      "email": "",
      "website": "https://chinahouseflandersvillage.com/",
      "hours": "Mo,We-Th 11:00-22:00; Fr-Sa 11:00-22:30; Su 12:00-22:00; Tu off",
      "rating": null,
      "review_count": null,
      "claimed": false,
      "featured": false
    },
    {
      "name": "China Thai",
      "category": "Restaurant",
      "address": "Mount Olive, NJ",
      "phone": "+1-973-252-6789",
      "email": "",
      "website": "",
      "hours": "",
      "rating": null,
      "review_count": null,
      "claimed": false,
      "featured": false
    },
    {
      "name": "Dino's Ristorante & Pizzeria",
      "category": "Restaurant",
      "address": "100 US-46, Mount Olive, NJ 07828",
      "phone": "+1-973-347-7100",
      "email": "",
      "website": "https://www.dinospizzabuddlake.com/",
      "hours": "",
      "rating": null,
      "review_count": null,
      "claimed": false,
      "featured": false
    },
    {
      "name": "Eat Tokyo Bistro",
      "category": "Restaurant",
      "address": "240 US 206, Mount Olive, NJ 07836",
      "phone": "+1-973-598-9009",
      "email": "",
      "website": "https://wasabilove.com/",
      "hours": "Mo,We-Su 11:30-21:00; Tu 16:00-21:00",
      "rating": null,
      "review_count": null,
      "claimed": false,
      "featured": false
    },
    {
      "name": "Enzo's Ristorante & Pizzeria",
      "category": "Restaurant",
      "address": "382 US-46, Mount Olive, NJ 07828",
      "phone": "",
      "email": "",
      "website": "enzospizzabuddlake.com",
      "hours": "",
      "rating": null,
      "review_count": null,
      "claimed": false,
      "featured": false
    },
    {
      "name": "Frank's Pizza",
      "category": "Restaurant",
      "address": "240 US 206, Mount Olive, NJ 07836",
      "phone": "+1-973-832-0508",
      "email": "",
      "website": "https://www.frankspizzaflanders.com/",
      "hours": "Mo-Su 11:00-21:30",
      "rating": null,
      "review_count": null,
      "claimed": false,
      "featured": false
    },
    {
      "name": "Frank's Pizza & Italian Restaurant",
      "category": "Restaurant",
      "address": "7 Naughright Road, Mount Olive, NJ 07840",
      "phone": "+1-908-979-3113",
      "email": "",
      "website": "https://www.frankspizzamtolivenj.com/",
      "hours": "",
      "rating": null,
      "review_count": null,
      "claimed": false,
      "featured": false
    },
    {
      "name": "Ginza",
      "category": "Restaurant",
      "address": "3 Mount Olive Road, Mount Olive, NJ 07828",
      "phone": "+1 973-949-3117",
      "email": "",
      "website": "https://www.mountoliveginza.com/",
      "hours": "Mo 11:00-22:30; Tu off; We-Th 11:00-22:30; Fr-Sa 11:00-23:00; Su 12:00-22:00",
      "rating": null,
      "review_count": null,
      "claimed": false,
      "featured": false
    },
    {
      "name": "Istanbul",
      "category": "Restaurant",
      "address": "Mount Olive, NJ",
      "phone": "",
      "email": "",
      "website": "",
      "hours": "",
      "rating": null,
      "review_count": null,
      "claimed": false,
      "featured": false
    },
    {
      "name": "Joe & Anthony's Pizzeria",
      "category": "Restaurant",
      "address": "30 International Drive South, Mount Olive, NJ 07836",
      "phone": "",
      "email": "",
      "website": "",
      "hours": "",
      "rating": null,
      "review_count": null,
      "claimed": false,
      "featured": false
    },
    {
      "name": "King Wok",
      "category": "Restaurant",
      "address": "141 US-46, Mount Olive, NJ 07828",
      "phone": "+1 973-691-6988",
      "email": "",
      "website": "https://www.kingwokbuddlake.com/",
      "hours": "Mo 16:30-22:00; Tu-Th 11:00-22:30; Fr-Sa 10:30-22:30; Su 11:00-22:30",
      "rating": null,
      "review_count": null,
      "claimed": false,
      "featured": false
    },
    {
      "name": "La Mezcalita",
      "category": "Restaurant",
      "address": "331 US 46, Mount Olive, NJ 07828",
      "phone": "+1-973-527-3476",
      "email": "",
      "website": "https://lamezcalitanj.com/",
      "hours": "",
      "rating": null,
      "review_count": null,
      "claimed": false,
      "featured": false
    },
    {
      "name": "LongHorn Steakhouse",
      "category": "Restaurant",
      "address": "50 International Drive, Mount Olive, NJ 07836",
      "phone": "",
      "email": "",
      "website": "",
      "hours": "",
      "rating": null,
      "review_count": null,
      "claimed": false,
      "featured": false
    },
    {
      "name": "Market Tavern",
      "category": "Restaurant",
      "address": "240 US 206, Mount Olive, NJ 07836",
      "phone": "+1-973-584-2345",
      "email": "",
      "website": "https://markettavernflanders.com/",
      "hours": "",
      "rating": null,
      "review_count": null,
      "claimed": false,
      "featured": false
    },
    {
      "name": "Sabores De Colombia",
      "category": "Restaurant",
      "address": "286 US-206, Mount Olive, NJ 07836",
      "phone": "",
      "email": "",
      "website": "",
      "hours": "",
      "rating": null,
      "review_count": null,
      "claimed": false,
      "featured": false
    },
    {
      "name": "Taste of India",
      "category": "Restaurant",
      "address": "286 US 206, Mount Olive, NJ 07836",
      "phone": "+1-973-584-4878",
      "email": "",
      "website": "https://www.tasteofindianj.com/",
      "hours": "",
      "rating": null,
      "review_count": null,
      "claimed": false,
      "featured": false
    },
    {
      "name": "The After Char-Broil Grill & Ice Cream",
      "category": "Restaurant",
      "address": "195 US 206, Mount Olive, NJ 07836",
      "phone": "+1-973-584-6564",
      "email": "theafter43@gmail.com",
      "website": "https://www.theaftergrill.com/",
      "hours": "",
      "rating": null,
      "review_count": null,
      "claimed": false,
      "featured": false
    },
    {
      "name": "Uncle Sal's Italian Villa",
      "category": "Restaurant",
      "address": "375 US 46, Mount Olive, NJ 07828",
      "phone": "+1-973-858-5592",
      "email": "",
      "website": "https://www.unclesalsitalianvilla.com/",
      "hours": "Mo off; Tu-Su 10:00-21:00",
      "rating": null,
      "review_count": null,
      "claimed": false,
      "featured": false
    },
    {
      "name": "Valentino's Pizza",
      "category": "Restaurant",
      "address": "293 US 206, Mount Olive, NJ 07836",
      "phone": "+1-973-584-2828",
      "email": "",
      "website": "https://www.valentinosflanders.com/",
      "hours": "",
      "rating": null,
      "review_count": null,
      "claimed": false,
      "featured": false
    },
    {
      "name": "Vincenzo's Pizzeria & Restaurant",
      "category": "Restaurant",
      "address": "3 Netcong Road, Mount Olive, NJ 07828",
      "phone": "+1 973-691-8282",
      "email": "",
      "website": "https://www.vincenzospizzanj.com/",
      "hours": "Mo-Th 10:00-22:00; Fr-Sa 11:00-23:00; Su 10:00-22:00",
      "rating": null,
      "review_count": null,
      "claimed": false,
      "featured": false
    },
    {
      "name": "West Lake Chinese Take Out",
      "category": "Restaurant",
      "address": "1 Old Wolfe Road, Mount Olive, NJ 07828",
      "phone": "+1 973-691-8080",
      "email": "",
      "website": "https://www.westlakenewjersey.com/",
      "hours": "Tu-Sa 11:00-21:30; Su 12:00-21:30; Mo off",
      "rating": null,
      "review_count": null,
      "claimed": false,
      "featured": false
    },
    {
      "name": "Campbell Exteriors",
      "category": "Roofer",
      "address": "382 US-46, Mount Olive, NJ 07828",
      "phone": "+1 973-697-7476",
      "email": "campbellexteriors@gmail.com",
      "website": "https://www.campbellext.com/",
      "hours": "",
      "rating": null,
      "review_count": null,
      "claimed": false,
      "featured": false
    },
    {
      "name": "Famous Footwear",
      "category": "Shoe Store",
      "address": "50 International Drive, Mount Olive, NJ 07836",
      "phone": "+1-973-440-6060",
      "email": "",
      "website": "",
      "hours": "",
      "rating": null,
      "review_count": null,
      "claimed": false,
      "featured": false
    },
    {
      "name": "Skechers",
      "category": "Shoe Store",
      "address": "50 International Drive, Mount Olive, NJ 07836",
      "phone": "+1 862-251-8170",
      "email": "",
      "website": "https://local.skechers.com/nj/mt-olive/1335/",
      "hours": "Mo-Sa 10:00-21:00; Su 11:00-19:00",
      "rating": null,
      "review_count": null,
      "claimed": false,
      "featured": false
    },
    {
      "name": "The Mall At 206",
      "category": "Shopping Mall",
      "address": "240 US 206, Mount Olive, NJ 07836",
      "phone": "",
      "email": "",
      "website": "",
      "hours": "",
      "rating": null,
      "review_count": null,
      "claimed": false,
      "featured": false
    },
    {
      "name": "The Mall At 206",
      "category": "Shopping Mall",
      "address": "244 US 206, Mount Olive, NJ 07836",
      "phone": "",
      "email": "",
      "website": "",
      "hours": "",
      "rating": null,
      "review_count": null,
      "claimed": false,
      "featured": false
    },
    {
      "name": "The Graphix Spot",
      "category": "Signmaker",
      "address": "1 Old Wolfe Road, Mount Olive, NJ 07828",
      "phone": "+1-862-254-2254",
      "email": "sales@thegraphixspot.com",
      "website": "https://thegraphixspot.com/",
      "hours": "",
      "rating": null,
      "review_count": null,
      "claimed": false,
      "featured": false
    },
    {
      "name": "E-Z Storage",
      "category": "Storage rental",
      "address": "453 Rt. 46 East, Mount Olive, NJ 07840",
      "phone": "+1 908-852-0061",
      "email": "",
      "website": "E-ZSTORAGE.NET",
      "hours": "",
      "rating": null,
      "review_count": null,
      "claimed": false,
      "featured": false
    },
    {
      "name": "Extra Space Storage",
      "category": "Storage rental",
      "address": "89 US 46, Mount Olive, NJ 07828",
      "phone": "",
      "email": "",
      "website": "",
      "hours": "",
      "rating": null,
      "review_count": null,
      "claimed": false,
      "featured": false
    },
    {
      "name": "Extra Space Storage",
      "category": "Storage rental",
      "address": "115 Flanders - Bartley Road, Mount Olive, NJ 07836",
      "phone": "+1-973-584-6982",
      "email": "",
      "website": "",
      "hours": "",
      "rating": null,
      "review_count": null,
      "claimed": false,
      "featured": false
    },
    {
      "name": "Nature's Food Markets",
      "category": "Supermarket",
      "address": "7 Naughright Road, Mount Olive, NJ 07840",
      "phone": "+1-908-269-5531",
      "email": "",
      "website": "https://online.naturesfoodmarkets.com/",
      "hours": "Mo-Sa 08:00-20:00; Su 09:00-19:00",
      "rating": null,
      "review_count": null,
      "claimed": false,
      "featured": false
    },
    {
      "name": "ShopRite",
      "category": "Supermarket",
      "address": "90 Flanders - Bartley Road, Mount Olive, NJ 07836",
      "phone": "+1 973-252-5160",
      "email": "",
      "website": "https://www.shoprite.com/sm/planning/rsid/212",
      "hours": "Mo-Sa 08:00-21:00",
      "rating": null,
      "review_count": null,
      "claimed": false,
      "featured": false
    },
    {
      "name": "Weis",
      "category": "Supermarket",
      "address": "293 US Highway 206, Mount Olive, NJ 07836",
      "phone": "",
      "email": "",
      "website": "",
      "hours": "",
      "rating": null,
      "review_count": null,
      "claimed": false,
      "featured": false
    },
    {
      "name": "Champ's Pool Supplies",
      "category": "Swimming pool",
      "address": "141 US-46, Mount Olive, NJ 07828",
      "phone": "+1-862-254-2319",
      "email": "",
      "website": "https://champspools.com/",
      "hours": "",
      "rating": null,
      "review_count": null,
      "claimed": false,
      "featured": false
    },
    {
      "name": "Olympic Pool & Spa",
      "category": "Swimming pool",
      "address": "186 Gold Mine Road, Mount Olive, NJ 07836",
      "phone": "+1-973-448-0007",
      "email": "",
      "website": "https://olympicpoolandspa.com/",
      "hours": "",
      "rating": null,
      "review_count": null,
      "claimed": false,
      "featured": false
    },
    {
      "name": "The Spa Shop & Pool Supply Center",
      "category": "Swimming pool",
      "address": "213 US 206, Mount Olive, NJ 07836",
      "phone": "+1973-927-0310",
      "email": "",
      "website": "",
      "hours": "",
      "rating": null,
      "review_count": null,
      "claimed": false,
      "featured": false
    },
    {
      "name": "Alien Ink",
      "category": "Tattoo Parlor",
      "address": "264 US 206, Mount Olive, NJ 07836",
      "phone": "+1-973-652-7962",
      "email": "alieninktattoos@gmail.com",
      "website": "https://alieninkllc1.wixsite.com/alieninktattoos",
      "hours": "",
      "rating": null,
      "review_count": null,
      "claimed": false,
      "featured": false
    },
    {
      "name": "H&R Block",
      "category": "Tax Advisor",
      "address": "293 US 206, Mount Olive, NJ 07836",
      "phone": "+1-973-252-4115",
      "email": "",
      "website": "",
      "hours": "",
      "rating": null,
      "review_count": null,
      "claimed": false,
      "featured": false
    },
    {
      "name": "Montville Fin. / Mileto Tax",
      "category": "Tax Advisor",
      "address": "382 US-46, Mount Olive, NJ 07828",
      "phone": "",
      "email": "",
      "website": "",
      "hours": "",
      "rating": null,
      "review_count": null,
      "claimed": false,
      "featured": false
    },
    {
      "name": "Pax Amicus Castle Theater",
      "category": "Theatre",
      "address": "23 Lake Shore Drive, Mount Olive, NJ 07828",
      "phone": "+1-973-691-2100",
      "email": "",
      "website": "paxamicus.com",
      "hours": "",
      "rating": null,
      "review_count": null,
      "claimed": false,
      "featured": false
    },
    {
      "name": "Speciality Tile",
      "category": "Tiles",
      "address": "186 Gold Mine Road, Mount Olive, NJ 07836",
      "phone": "+1-973-347-7001",
      "email": "",
      "website": "https://www.specialtytilenj.com/",
      "hours": "",
      "rating": null,
      "review_count": null,
      "claimed": false,
      "featured": false
    },
    {
      "name": "Puffcity Smoke Shop",
      "category": "Tobacco Shop",
      "address": "286 US-206, Mount Olive, NJ 07836",
      "phone": "+1-973-320-9797",
      "email": "Flanders@puffcity.com",
      "website": "",
      "hours": "",
      "rating": null,
      "review_count": null,
      "claimed": false,
      "featured": false
    },
    {
      "name": "PuffCity Smoke Shop",
      "category": "Tobacco Shop",
      "address": "100 US-46, Mount Olive, NJ 07828",
      "phone": "+1-973-527-4051",
      "email": "buddlake@puffcity.com",
      "website": "https://puffcitybuddlake.com/",
      "hours": "",
      "rating": null,
      "review_count": null,
      "claimed": false,
      "featured": false
    },
    {
      "name": "The Queen Smoke Shop",
      "category": "Tobacco Shop",
      "address": "375 US 46, Mount Olive, NJ 07828",
      "phone": "+1 973-527-3892",
      "email": "",
      "website": "",
      "hours": "Mo-Th 10:00-21:00; Fr,Sa 10:00-22:00; Su 11:00-20:00",
      "rating": null,
      "review_count": null,
      "claimed": false,
      "featured": false
    },
    {
      "name": "Wizard Smoke Shop",
      "category": "Tobacco Shop",
      "address": "141 US-46, Mount Olive, NJ 07828",
      "phone": "+1-862-254-2209",
      "email": "",
      "website": "https://wizardonline.shop/",
      "hours": "Mo-Sa 10:00-21:00; Su 11:00-20:00",
      "rating": null,
      "review_count": null,
      "claimed": false,
      "featured": false
    },
    {
      "name": "RND Part Services",
      "category": "Truck parts",
      "address": "11 US 46, Mount Olive, NJ 07828",
      "phone": "+1 973 2409524",
      "email": "",
      "website": "https://www.rndpartsservice.com/",
      "hours": "Mo-Fr 07:00-19:00; Sa 08:00-16:00; Su off",
      "rating": null,
      "review_count": null,
      "claimed": false,
      "featured": false
    },
    {
      "name": "Ginette's Deli",
      "category": "Vacant",
      "address": "1 Old Wolfe Road, Mount Olive, NJ 07828",
      "phone": "",
      "email": "",
      "website": "",
      "hours": "",
      "rating": null,
      "review_count": null,
      "claimed": false,
      "featured": false
    },
    {
      "name": "Discount Dance Warehouse",
      "category": "Variety Store",
      "address": "61 International Drive, Mount Olive, NJ 07828",
      "phone": "+1-973-448-1339",
      "email": "",
      "website": "https://www.discountdancewarehouse.com/",
      "hours": "",
      "rating": null,
      "review_count": null,
      "claimed": false,
      "featured": false
    },
    {
      "name": "Dollar Tree",
      "category": "Variety Store",
      "address": "61 International Drive, Mount Olive, NJ 07828",
      "phone": "+1-973-440-6009",
      "email": "",
      "website": "https://www.dollartree.com/locations/nj/budd-lake/5509/",
      "hours": "Mo-Sa 08:00-22:00; Su 09:00-20:00",
      "rating": null,
      "review_count": null,
      "claimed": false,
      "featured": false
    },
    {
      "name": "Dollar Tree",
      "category": "Variety Store",
      "address": "293 US 206, Mount Olive, NJ 07836",
      "phone": "+1-973-598-4027",
      "email": "",
      "website": "https://www.dollartree.com/locations/nj/flanders/3908/",
      "hours": "Mo-Sa 09:00-21:00; Su 09:00-20:00",
      "rating": null,
      "review_count": null,
      "claimed": false,
      "featured": false
    },
    {
      "name": "Five Below",
      "category": "Variety Store",
      "address": "30 International Drive South, Mount Olive, NJ 07836",
      "phone": "+1 973-798-1636",
      "email": "",
      "website": "https://locations.fivebelow.com/nj/flanders/30-international-dr-s",
      "hours": "Mo-Sa 10:00-21:00; Su 10:00-20:00",
      "rating": null,
      "review_count": null,
      "claimed": false,
      "featured": false
    },
    {
      "name": "Mt. Olive Veterinary Hospital",
      "category": "Veterinary",
      "address": "104 US 46, Mount Olive, NJ 07828",
      "phone": "+1 973-691-9333",
      "email": "",
      "website": "mtolivevet.com",
      "hours": "",
      "rating": null,
      "review_count": null,
      "claimed": false,
      "featured": false
    },
    {
      "name": "Matt's Glass",
      "category": "Window construction",
      "address": "223 US 206, Mount Olive, NJ 07836",
      "phone": "+1-973-584-4072",
      "email": "",
      "website": "https://www.mattsglassnj.com/",
      "hours": "",
      "rating": null,
      "review_count": null,
      "claimed": false,
      "featured": false
    }
  ]
}