{
  "name": "Mount Laurel",
  "state": "New Jersey",
  "state_abbr": "NJ",
  "county": null,
  "population": null,
  "slug": "mount-laurel-nj",
  "businesses": [
    {
      "name": "QV Advanced Auto Repair",
      "category": "Auto Repair",
      "address": "401 Mount Laurel Road, Mount Laurel, NJ 08057",
      "phone": "",
      "email": "",
      "website": "",
      "hours": "",
      "rating": null,
      "review_count": null,
      "claimed": false,
      "featured": false
    },
    {
      "name": "Beneficial Bank",
      "category": "Bank",
      "address": "Mount Laurel, NJ",
      "phone": "",
      "email": "",
      "website": "",
      "hours": "",
      "rating": null,
      "review_count": null,
      "claimed": false,
      "featured": false
    },
    {
      "name": "Chase",
      "category": "Bank",
      "address": "Mount Laurel, NJ",
      "phone": "+1 856-359-3505",
      "email": "",
      "website": "https://locator.chase.com/nj/mount-laurel/3047-route-38",
      "hours": "Mo-Fr 09:00-17:00; Sa 09:00-13:00; Su closed",
      "rating": null,
      "review_count": null,
      "claimed": false,
      "featured": false
    },
    {
      "name": "Columbia Bank",
      "category": "Bank",
      "address": "Mount Laurel, NJ",
      "phone": "",
      "email": "",
      "website": "",
      "hours": "",
      "rating": null,
      "review_count": null,
      "claimed": false,
      "featured": false
    },
    {
      "name": "Investors Bank",
      "category": "Bank",
      "address": "Mount Laurel, NJ",
      "phone": "",
      "email": "",
      "website": "",
      "hours": "",
      "rating": null,
      "review_count": null,
      "claimed": false,
      "featured": false
    },
    {
      "name": "Jos. A. Bank.",
      "category": "Bank",
      "address": "16 Centerton Road, Mount Laurel, NJ",
      "phone": "",
      "email": "",
      "website": "",
      "hours": "",
      "rating": null,
      "review_count": null,
      "claimed": false,
      "featured": false
    },
    {
      "name": "PNC Bank",
      "category": "Bank",
      "address": "6 Centerton Road, Mount Laurel, NJ",
      "phone": "",
      "email": "",
      "website": "",
      "hours": "",
      "rating": null,
      "review_count": null,
      "claimed": false,
      "featured": false
    },
    {
      "name": "TD Bank",
      "category": "Bank",
      "address": "Mount Laurel, NJ",
      "phone": "",
      "email": "",
      "website": "https://locations.td.com/us/201-ark-road-mt-laurel-ark-road",
      "hours": "",
      "rating": null,
      "review_count": null,
      "claimed": false,
      "featured": false
    },
    {
      "name": "Wells Fargo",
      "category": "Bank",
      "address": "1301 Nixon Drive, Mount Laurel, NJ 08057",
      "phone": "",
      "email": "",
      "website": "",
      "hours": "",
      "rating": null,
      "review_count": null,
      "claimed": false,
      "featured": false
    },
    {
      "name": "European Wax Center",
      "category": "Beauty Salon",
      "address": "Mount Laurel, NJ",
      "phone": "",
      "email": "",
      "website": "https://locations.waxcenter.com/nj/mountlaurel/mount-laurel-0396.html",
      "hours": "",
      "rating": null,
      "review_count": null,
      "claimed": false,
      "featured": false
    },
    {
      "name": "Phoenix",
      "category": "Beauty Salon",
      "address": "Mount Laurel, NJ",
      "phone": "+1 856-608-1300",
      "email": "",
      "website": "",
      "hours": "",
      "rating": null,
      "review_count": null,
      "claimed": false,
      "featured": false
    },
    {
      "name": "Mattress Firm",
      "category": "Bed",
      "address": "44 44 Centerton Road, Mount Laurel, NJ 08054",
      "phone": "+1 856-234-1171",
      "email": "",
      "website": "https://www.mattressfirm.com/en-us/stores/nj/mount-laurel/162007/",
      "hours": "",
      "rating": null,
      "review_count": null,
      "claimed": false,
      "featured": false
    },
    {
      "name": "RCBC Student Bookstore",
      "category": "Bookstore",
      "address": "Mount Laurel, NJ",
      "phone": "",
      "email": "",
      "website": "",
      "hours": "",
      "rating": null,
      "review_count": null,
      "claimed": false,
      "featured": false
    },
    {
      "name": "PHH",
      "category": "Business",
      "address": "1 mortgage way, Mount Laurel, NJ",
      "phone": "",
      "email": "",
      "website": "",
      "hours": "",
      "rating": null,
      "review_count": null,
      "claimed": false,
      "featured": false
    },
    {
      "name": "TD Bank Offices",
      "category": "Business",
      "address": "6000 Atrium Way, Mount Laurel, NJ 08054",
      "phone": "",
      "email": "",
      "website": "",
      "hours": "",
      "rating": null,
      "review_count": null,
      "claimed": false,
      "featured": false
    },
    {
      "name": "Wig-A-Do",
      "category": "Business",
      "address": "3131 Route 38, Mount Laurel, NJ 08054",
      "phone": "+1-856-235-3534",
      "email": "rlevin520@aol.com",
      "website": "https://www.wigado.com/",
      "hours": "",
      "rating": null,
      "review_count": null,
      "claimed": false,
      "featured": false
    },
    {
      "name": "Omaha Steaks",
      "category": "Butcher",
      "address": "Mount Laurel, NJ",
      "phone": "",
      "email": "",
      "website": "",
      "hours": "",
      "rating": null,
      "review_count": null,
      "claimed": false,
      "featured": false
    },
    {
      "name": "Starbucks",
      "category": "Cafe",
      "address": "72 Centerton Road, Mount Laurel, NJ 08054",
      "phone": "+1 856-802-0187",
      "email": "",
      "website": "https://www.starbucks.com/store-locator/store/1032325/mt-laurel-centerton-square-72-centerton-rd-mt-laurel-twp-nj-nj-080546102-us",
      "hours": "",
      "rating": null,
      "review_count": null,
      "claimed": false,
      "featured": false
    },
    {
      "name": "Starbucks",
      "category": "Cafe",
      "address": "550 Fellowship Road, Mount Laurel, NJ 08054",
      "phone": "+1 856-222-0328",
      "email": "",
      "website": "https://www.starbucks.com/store-locator/store/113206/route-73-fellowship-road-550-fellowship-road-mount-laurel-nj-080543444-us",
      "hours": "",
      "rating": null,
      "review_count": null,
      "claimed": false,
      "featured": false
    },
    {
      "name": "Starbucks",
      "category": "Cafe",
      "address": "311 NJ-38, Mount Laurel, NJ 08054",
      "phone": "+1-856-444-9777",
      "email": "",
      "website": "",
      "hours": "Mo-Su 05:30-21:00",
      "rating": null,
      "review_count": null,
      "claimed": false,
      "featured": false
    },
    {
      "name": "Take 5 Cafe",
      "category": "Cafe",
      "address": "3131 Route 38, Mount Laurel, NJ 08054",
      "phone": "+1 856-581-0052",
      "email": "",
      "website": "https://take5cafenj.com/",
      "hours": "Mo-Tu off; We-Su 08:00-16:00",
      "rating": null,
      "review_count": null,
      "claimed": false,
      "featured": false
    },
    {
      "name": "Victoria's Bagels",
      "category": "Cafe",
      "address": "3131 Route 38, Mount Laurel, NJ",
      "phone": "+1 856-222-1200",
      "email": "",
      "website": "http://www.victoriasbagelbistro.com/",
      "hours": "07:00-14:00",
      "rating": null,
      "review_count": null,
      "claimed": false,
      "featured": false
    },
    {
      "name": "BMW of Mount Laurel",
      "category": "Car Dealership",
      "address": "1220 NJ 73, Mount Laurel, NJ 08054",
      "phone": "",
      "email": "",
      "website": "",
      "hours": "",
      "rating": null,
      "review_count": null,
      "claimed": false,
      "featured": false
    },
    {
      "name": "BMW of Mt. Laurel",
      "category": "Car Dealership",
      "address": "1220 NJ-73, Mount Laurel, NJ 08054",
      "phone": "",
      "email": "",
      "website": "",
      "hours": "",
      "rating": null,
      "review_count": null,
      "claimed": false,
      "featured": false
    },
    {
      "name": "Holman Cadillac",
      "category": "Car Dealership",
      "address": "1200 NJ-73, Mount Laurel, NJ 08054",
      "phone": "",
      "email": "",
      "website": "",
      "hours": "",
      "rating": null,
      "review_count": null,
      "claimed": false,
      "featured": false
    },
    {
      "name": "Holman Cadillac",
      "category": "Car Dealership",
      "address": "1200 NJ 73, Mount Laurel, NJ 08054",
      "phone": "",
      "email": "",
      "website": "",
      "hours": "",
      "rating": null,
      "review_count": null,
      "claimed": false,
      "featured": false
    },
    {
      "name": "Holman Toyota",
      "category": "Car Dealership",
      "address": "1301 NJ-73, Mount Laurel, NJ 08054",
      "phone": "",
      "email": "",
      "website": "",
      "hours": "",
      "rating": null,
      "review_count": null,
      "claimed": false,
      "featured": false
    },
    {
      "name": "Lexus of Cherry Hill",
      "category": "Car Dealership",
      "address": "1230 NJ-73, Mount Laurel, NJ 08054",
      "phone": "",
      "email": "",
      "website": "",
      "hours": "",
      "rating": null,
      "review_count": null,
      "claimed": false,
      "featured": false
    },
    {
      "name": "Lexus of Cherry Hill",
      "category": "Car Dealership",
      "address": "1230 NJ 73, Mount Laurel, NJ 08054",
      "phone": "",
      "email": "",
      "website": "",
      "hours": "",
      "rating": null,
      "review_count": null,
      "claimed": false,
      "featured": false
    },
    {
      "name": "MINI of Mount Laurel",
      "category": "Car Dealership",
      "address": "1311 New Jersey 73, Mount Laurel, NJ 08054",
      "phone": "",
      "email": "",
      "website": "https://www.miniofmtlaurel.com/",
      "hours": "",
      "rating": null,
      "review_count": null,
      "claimed": false,
      "featured": false
    },
    {
      "name": "Taylor's Auto Detailing",
      "category": "Car Wash",
      "address": "Mount Laurel, NJ",
      "phone": "",
      "email": "",
      "website": "",
      "hours": "",
      "rating": null,
      "review_count": null,
      "claimed": false,
      "featured": false
    },
    {
      "name": "Edible Arrangements",
      "category": "Caterer",
      "address": "Mount Laurel, NJ",
      "phone": "",
      "email": "",
      "website": "",
      "hours": "",
      "rating": null,
      "review_count": null,
      "claimed": false,
      "featured": false
    },
    {
      "name": "Chico's",
      "category": "Clothing Store",
      "address": "Mount Laurel, NJ",
      "phone": "",
      "email": "",
      "website": "",
      "hours": "",
      "rating": null,
      "review_count": null,
      "claimed": false,
      "featured": false
    },
    {
      "name": "Lane Bryant",
      "category": "Clothing Store",
      "address": "24 Centerton Rd, Mount Laurel, NJ",
      "phone": "",
      "email": "",
      "website": "",
      "hours": "",
      "rating": null,
      "review_count": null,
      "claimed": false,
      "featured": false
    },
    {
      "name": "Loft",
      "category": "Clothing Store",
      "address": "4080, Mount Laurel, NJ",
      "phone": "",
      "email": "",
      "website": "https://stores.loft.com/nj/mount-laurel/4080-dearborne-circle.html",
      "hours": "",
      "rating": null,
      "review_count": null,
      "claimed": false,
      "featured": false
    },
    {
      "name": "Olly Shoes",
      "category": "Clothing Store",
      "address": "20 Centerton Road, Mount Laurel, NJ",
      "phone": "",
      "email": "",
      "website": "",
      "hours": "",
      "rating": null,
      "review_count": null,
      "claimed": false,
      "featured": false
    },
    {
      "name": "Talbots",
      "category": "Clothing Store",
      "address": "Mount Laurel, NJ",
      "phone": "",
      "email": "",
      "website": "",
      "hours": "",
      "rating": null,
      "review_count": null,
      "claimed": false,
      "featured": false
    },
    {
      "name": "7-Eleven",
      "category": "Convenience Store",
      "address": "3163 Marne Highway, Mount Laurel, NJ 08054",
      "phone": "+1 856-608-1488",
      "email": "",
      "website": "https://www.7-eleven.com/locations/nj/mount-laurel/3163-marne-highway-33336",
      "hours": "",
      "rating": null,
      "review_count": null,
      "claimed": false,
      "featured": false
    },
    {
      "name": "Wawa",
      "category": "Convenience Store",
      "address": "1115 NJ-73, Mount Laurel, NJ 08054",
      "phone": "",
      "email": "",
      "website": "",
      "hours": "",
      "rating": null,
      "review_count": null,
      "claimed": false,
      "featured": false
    },
    {
      "name": "Wawa",
      "category": "Convenience Store",
      "address": "200 Larchmont Boulevard, Mount Laurel, NJ 08054",
      "phone": "",
      "email": "",
      "website": "",
      "hours": "",
      "rating": null,
      "review_count": null,
      "claimed": false,
      "featured": false
    },
    {
      "name": "FedEx Office",
      "category": "Copyshop",
      "address": "Mount Laurel, NJ",
      "phone": "",
      "email": "",
      "website": "",
      "hours": "",
      "rating": null,
      "review_count": null,
      "claimed": false,
      "featured": false
    },
    {
      "name": "Ulta Beauty",
      "category": "Cosmetics",
      "address": "1470 Nixon Drive, Mount Laurel, NJ 08054",
      "phone": "+1 856-642-7390",
      "email": "",
      "website": "https://www.ulta.com/stores/mt-laurel-nj-104",
      "hours": "Mo-We 10:00-20:00; Th-Sa 10:00-21:00; Su 11:00-18:00",
      "rating": null,
      "review_count": null,
      "claimed": false,
      "featured": false
    },
    {
      "name": "Mt Laurel Dental and Implant Center",
      "category": "Dentist",
      "address": "220 Union Mill Road, Mount Laurel, NJ 08054",
      "phone": "+1 856-778-0022",
      "email": "",
      "website": "https://www.mtlaureldental.com",
      "hours": "09:00-18:00",
      "rating": null,
      "review_count": null,
      "claimed": false,
      "featured": false
    },
    {
      "name": "Paterno Orthodonics",
      "category": "Dentist",
      "address": "501 Mount Laurel Road, Mount Laurel, NJ 08054",
      "phone": "",
      "email": "",
      "website": "",
      "hours": "",
      "rating": null,
      "review_count": null,
      "claimed": false,
      "featured": false
    },
    {
      "name": "Smile Studio",
      "category": "Dentist",
      "address": "801 South Church Street, Mount Laurel, NJ 08054",
      "phone": "+1-856-866-5511",
      "email": "office@mtlaurelsmilesnj.com",
      "website": "https://dentistmountlaurel.com/",
      "hours": "",
      "rating": null,
      "review_count": null,
      "claimed": false,
      "featured": false
    },
    {
      "name": "True Care Dental Implants and Oral Surgery",
      "category": "Dentist",
      "address": "115 Union Mill Road, Mount Laurel, NJ 08054",
      "phone": "",
      "email": "",
      "website": "",
      "hours": "",
      "rating": null,
      "review_count": null,
      "claimed": false,
      "featured": false
    },
    {
      "name": "Target",
      "category": "Department Store",
      "address": "4 Centerton Road, Mount Laurel, NJ 08054",
      "phone": "+1 856-533-1197",
      "email": "",
      "website": "https://www.target.com/sl/mount-laurel/1917",
      "hours": "Mo-Sa 08:00-23:00; Su 08:00-22:00",
      "rating": null,
      "review_count": null,
      "claimed": false,
      "featured": false
    },
    {
      "name": "The Home Depot",
      "category": "Doityourself",
      "address": "1200 Nixon Drive, Mount Laurel, NJ 08054",
      "phone": "+1 856-234-0880",
      "email": "",
      "website": "https://www.homedepot.com/l/mt-laurel/nj/mount-laurel/08054/914",
      "hours": "Mo-Sa 06:00-22:00; Su 07:00-20:00",
      "rating": null,
      "review_count": null,
      "claimed": false,
      "featured": false
    },
    {
      "name": "Cambridge Cleaners",
      "category": "Dry Cleaning",
      "address": "Mount Laurel, NJ",
      "phone": "",
      "email": "",
      "website": "",
      "hours": "",
      "rating": null,
      "review_count": null,
      "claimed": false,
      "featured": false
    },
    {
      "name": "Best Buy",
      "category": "Electronics Store",
      "address": "1420 Nixon Drive, Mount Laurel, NJ 08054",
      "phone": "+1 856-608-1600",
      "email": "",
      "website": "https://stores.bestbuy.com/nj/mount-laurel/1420-nixon-dr-583.html",
      "hours": "",
      "rating": null,
      "review_count": null,
      "claimed": false,
      "featured": false
    },
    {
      "name": "P. C. Richard & Son",
      "category": "Electronics Store",
      "address": "Mount Laurel, NJ",
      "phone": "",
      "email": "",
      "website": "",
      "hours": "",
      "rating": null,
      "review_count": null,
      "claimed": false,
      "featured": false
    },
    {
      "name": "RadioShack",
      "category": "Electronics Store",
      "address": "14 Centerton Road, Mount Laurel, NJ",
      "phone": "",
      "email": "",
      "website": "",
      "hours": "",
      "rating": null,
      "review_count": null,
      "claimed": false,
      "featured": false
    },
    {
      "name": "Angelo's Pizza",
      "category": "Fast Food",
      "address": "200 Larchmont Boulevard, Mount Laurel, NJ 08054",
      "phone": "",
      "email": "",
      "website": "",
      "hours": "",
      "rating": null,
      "review_count": null,
      "claimed": false,
      "featured": false
    },
    {
      "name": "Chick-fil-A",
      "category": "Fast Food",
      "address": "58 58 Centerton Road, Mount Laurel, NJ 08054",
      "phone": "+1 856-439-2696",
      "email": "",
      "website": "https://www.chick-fil-a.com/locations/nj/centerton-square",
      "hours": "Mo-Sa 06:30-22:00; Su off",
      "rating": null,
      "review_count": null,
      "claimed": false,
      "featured": false
    },
    {
      "name": "Chick-fil-A",
      "category": "Fast Food",
      "address": "1418 Nixon Drive, Mount Laurel, NJ 08054",
      "phone": "+1 856-778-1900",
      "email": "",
      "website": "https://www.chick-fil-a.com/locations/nj/east-gate-square",
      "hours": "Mo-Sa 06:30-22:00; Su off",
      "rating": null,
      "review_count": null,
      "claimed": false,
      "featured": false
    },
    {
      "name": "Chipotle",
      "category": "Fast Food",
      "address": "10 Centerton Road, Mount Laurel, NJ 08054",
      "phone": "+1 856-206-4024",
      "email": "",
      "website": "https://locations.chipotle.com/nj/mount-laurel/10-centerton-rd",
      "hours": "",
      "rating": null,
      "review_count": null,
      "claimed": false,
      "featured": false
    },
    {
      "name": "Chipotle",
      "category": "Fast Food",
      "address": "3109 NJ-38, Mount Laurel, NJ 08054",
      "phone": "+1-856-591-2103",
      "email": "",
      "website": "",
      "hours": "Mo-Su 10:45-22:00",
      "rating": null,
      "review_count": null,
      "claimed": false,
      "featured": false
    },
    {
      "name": "Così",
      "category": "Fast Food",
      "address": "Mount Laurel, NJ",
      "phone": "",
      "email": "",
      "website": "",
      "hours": "",
      "rating": null,
      "review_count": null,
      "claimed": false,
      "featured": false
    },
    {
      "name": "Domino's",
      "category": "Fast Food",
      "address": "127 Ark Road, Mount Laurel, NJ 08054",
      "phone": "+1 856-998-1111",
      "email": "",
      "website": "https://pizza.dominos.com/new-jersey/mount-laurel/127-ark-road-unit-5",
      "hours": "Mo-Th 10:00-24:00; Fr-Sa 10:00-01:00; Su 10:00-24:00",
      "rating": null,
      "review_count": null,
      "claimed": false,
      "featured": false
    },
    {
      "name": "Dunkin'",
      "category": "Fast Food",
      "address": "1155 Route 73, Mount Laurel, NJ 08054",
      "phone": "+1 856-724-1807",
      "email": "",
      "website": "https://locations.dunkindonuts.com/en/nj/mount-laurel/1155-route-73/355825",
      "hours": "Mo-Fr 04:30-20:30; Sa-Su 05:00-20:00",
      "rating": null,
      "review_count": null,
      "claimed": false,
      "featured": false
    },
    {
      "name": "Dunkin'",
      "category": "Fast Food",
      "address": "525 Pleasant Valley Avenue, Mount Laurel, NJ 08054",
      "phone": "+1 856-206-0937",
      "email": "",
      "website": "https://locations.dunkindonuts.com/en/nj/mount-laurel/525-pleasant-valley-ave/359401",
      "hours": "Mo-Fr 04:30-21:00; Sa-Su 05:00-20:00",
      "rating": null,
      "review_count": null,
      "claimed": false,
      "featured": false
    },
    {
      "name": "Dunkin'",
      "category": "Fast Food",
      "address": "3101 Marne Highway, Mount Laurel, NJ 08054",
      "phone": "+1 856-234-9995",
      "email": "",
      "website": "https://locations.dunkindonuts.com/en/nj/mount-laurel/3101-marne-hwy/339052",
      "hours": "04:00-20:00",
      "rating": null,
      "review_count": null,
      "claimed": false,
      "featured": false
    },
    {
      "name": "Dunkin'",
      "category": "Fast Food",
      "address": "3370 Route 38, Mount Laurel, NJ 08054",
      "phone": "+1 856-581-4907",
      "email": "",
      "website": "https://locations.dunkindonuts.com/en/nj/mount-laurel/3370-route-38/350915",
      "hours": "04:30-21:00",
      "rating": null,
      "review_count": null,
      "claimed": false,
      "featured": false
    },
    {
      "name": "Dunkin'",
      "category": "Fast Food",
      "address": "807 NJ-73, Mount Laurel, NJ 08054",
      "phone": "+1 856-234-9844",
      "email": "",
      "website": "https://locations.dunkindonuts.com/en/nj/mount-laurel/807-route-73/302214",
      "hours": "Mo-Fr 04:30-20:00; Sa-Su 05:00-20:00",
      "rating": null,
      "review_count": null,
      "claimed": false,
      "featured": false
    },
    {
      "name": "Dunkin'",
      "category": "Fast Food",
      "address": "3601 Route 38, Mount Laurel, NJ 08054",
      "phone": "+1 856-679-0803",
      "email": "",
      "website": "https://locations.dunkindonuts.com/en/nj/mount-laurel/3601-route-38/354609",
      "hours": "Mo-Sa 04:30-21:00; Su 05:00-15:00",
      "rating": null,
      "review_count": null,
      "claimed": false,
      "featured": false
    },
    {
      "name": "Firehouse Subs",
      "category": "Fast Food",
      "address": "Mount Laurel, NJ",
      "phone": "",
      "email": "",
      "website": "",
      "hours": "",
      "rating": null,
      "review_count": null,
      "claimed": false,
      "featured": false
    },
    {
      "name": "Jimmy John's",
      "category": "Fast Food",
      "address": "7000 Midatlantic Drive, Mount Laurel, NJ 08054",
      "phone": "",
      "email": "",
      "website": "",
      "hours": "",
      "rating": null,
      "review_count": null,
      "claimed": false,
      "featured": false
    },
    {
      "name": "McDonald's",
      "category": "Fast Food",
      "address": "3049 Route 38, Mount Laurel, NJ 08054",
      "phone": "+1 856-778-9021",
      "email": "",
      "website": "https://www.mcdonalds.com/us/en-us/location/7438.html",
      "hours": "05:30-23:00",
      "rating": null,
      "review_count": null,
      "claimed": false,
      "featured": false
    },
    {
      "name": "McDonald's",
      "category": "Fast Food",
      "address": "1108 NJ-73, Mount Laurel, NJ 08054",
      "phone": "+1 856-778-4499",
      "email": "",
      "website": "https://www.mcdonalds.com/us/en-us/location/11384.html",
      "hours": "05:30-23:00",
      "rating": null,
      "review_count": null,
      "claimed": false,
      "featured": false
    },
    {
      "name": "Panera Bread",
      "category": "Fast Food",
      "address": "48 48 Centerton Road, Mount Laurel, NJ 08054",
      "phone": "+1 856-234-1009",
      "email": "",
      "website": "https://locations.panerabread.com/nj/mount-laurel/48-centerton-road.html",
      "hours": "Mo-Sa 07:00-21:00; Su 07:00-20:00",
      "rating": null,
      "review_count": null,
      "claimed": false,
      "featured": false
    },
    {
      "name": "Qdoba",
      "category": "Fast Food",
      "address": "7000 Midatlantic Drive, Mount Laurel, NJ 08054",
      "phone": "",
      "email": "",
      "website": "",
      "hours": "",
      "rating": null,
      "review_count": null,
      "claimed": false,
      "featured": false
    },
    {
      "name": "Roly Poly Sandwiches",
      "category": "Fast Food",
      "address": "Mount Laurel, NJ",
      "phone": "",
      "email": "",
      "website": "",
      "hours": "",
      "rating": null,
      "review_count": null,
      "claimed": false,
      "featured": false
    },
    {
      "name": "Smoothie King",
      "category": "Fast Food",
      "address": "Mount Laurel, NJ",
      "phone": "",
      "email": "",
      "website": "",
      "hours": "",
      "rating": null,
      "review_count": null,
      "claimed": false,
      "featured": false
    },
    {
      "name": "Taco Bell",
      "category": "Fast Food",
      "address": "3220 Route 38, Mount Laurel, NJ 08054",
      "phone": "+1 609-769-0484",
      "email": "",
      "website": "https://locations.tacobell.com/nj/mount-laurel/3220-route-38.html",
      "hours": "Mo-Th 08:00-24:00; Fr-Sa 08:00-01:00; Su 08:00-24:00",
      "rating": null,
      "review_count": null,
      "claimed": false,
      "featured": false
    },
    {
      "name": "Wendy's",
      "category": "Fast Food",
      "address": "74 Centerton Road, Mount Laurel, NJ 08054",
      "phone": "+1 856-793-7540",
      "email": "",
      "website": "https://locations.wendys.com/united-states/nj/mount-laurel/74-centerton-road",
      "hours": "09:00-22:00",
      "rating": null,
      "review_count": null,
      "claimed": false,
      "featured": false
    },
    {
      "name": "Wendy's",
      "category": "Fast Food",
      "address": "1140 NJ 73, Mount Laurel, NJ 08054",
      "phone": "+1 856-778-8819",
      "email": "",
      "website": "https://locations.wendys.com/united-states/nj/mount-laurel/1140-route-73",
      "hours": "09:00-22:00",
      "rating": null,
      "review_count": null,
      "claimed": false,
      "featured": false
    },
    {
      "name": "Zoës Kitchen",
      "category": "Fast Food",
      "address": "Mount Laurel, NJ",
      "phone": "",
      "email": "",
      "website": "",
      "hours": "",
      "rating": null,
      "review_count": null,
      "claimed": false,
      "featured": false
    },
    {
      "name": "Costco Gasoline",
      "category": "Gas Station",
      "address": "Mount Laurel, NJ",
      "phone": "",
      "email": "",
      "website": "https://www.costco.com/warehouse-locations/mt-laurel-mount-laurel-nj-749.html",
      "hours": "",
      "rating": null,
      "review_count": null,
      "claimed": false,
      "featured": false
    },
    {
      "name": "Exxon",
      "category": "Gas Station",
      "address": "Mount Laurel, NJ",
      "phone": "",
      "email": "",
      "website": "",
      "hours": "",
      "rating": null,
      "review_count": null,
      "claimed": false,
      "featured": false
    },
    {
      "name": "Lukoil",
      "category": "Gas Station",
      "address": "Mount Laurel, NJ",
      "phone": "",
      "email": "",
      "website": "",
      "hours": "",
      "rating": null,
      "review_count": null,
      "claimed": false,
      "featured": false
    },
    {
      "name": "Lukoil",
      "category": "Gas Station",
      "address": "3237 NJ 38, Mount Laurel, NJ",
      "phone": "",
      "email": "",
      "website": "",
      "hours": "",
      "rating": null,
      "review_count": null,
      "claimed": false,
      "featured": false
    },
    {
      "name": "Royal Farms",
      "category": "Gas Station",
      "address": "Mount Laurel, NJ",
      "phone": "",
      "email": "",
      "website": "",
      "hours": "",
      "rating": null,
      "review_count": null,
      "claimed": false,
      "featured": false
    },
    {
      "name": "Shell",
      "category": "Gas Station",
      "address": "Mount Laurel, NJ",
      "phone": "",
      "email": "",
      "website": "",
      "hours": "",
      "rating": null,
      "review_count": null,
      "claimed": false,
      "featured": false
    },
    {
      "name": "Sunoco",
      "category": "Gas Station",
      "address": "Mount Laurel, NJ",
      "phone": "",
      "email": "",
      "website": "https://www.sunoco.com/locations/store/721-s-church-st-mount-laurel-nj-0012269707",
      "hours": "",
      "rating": null,
      "review_count": null,
      "claimed": false,
      "featured": false
    },
    {
      "name": "Wawa",
      "category": "Gas Station",
      "address": "Mount Laurel, NJ",
      "phone": "",
      "email": "",
      "website": "",
      "hours": "",
      "rating": null,
      "review_count": null,
      "claimed": false,
      "featured": false
    },
    {
      "name": "Charming Charie",
      "category": "Gift Shop",
      "address": "Mount Laurel, NJ",
      "phone": "",
      "email": "",
      "website": "",
      "hours": "",
      "rating": null,
      "review_count": null,
      "claimed": false,
      "featured": false
    },
    {
      "name": "Hallmark",
      "category": "Gift Shop",
      "address": "52 Centerton Rd, Mount Laurel, NJ",
      "phone": "",
      "email": "",
      "website": "",
      "hours": "",
      "rating": null,
      "review_count": null,
      "claimed": false,
      "featured": false
    },
    {
      "name": "Great Clips",
      "category": "Hair Salon",
      "address": "Mount Laurel, NJ",
      "phone": "",
      "email": "",
      "website": "",
      "hours": "",
      "rating": null,
      "review_count": null,
      "claimed": false,
      "featured": false
    },
    {
      "name": "Hair Cuttery",
      "category": "Hair Salon",
      "address": "28 Centerton Road, Mount Laurel, NJ",
      "phone": "",
      "email": "",
      "website": "",
      "hours": "",
      "rating": null,
      "review_count": null,
      "claimed": false,
      "featured": false
    },
    {
      "name": "Sally Beauty",
      "category": "Hairdresser supply",
      "address": "36 Centerton Road, Mount Laurel, NJ",
      "phone": "",
      "email": "",
      "website": "",
      "hours": "",
      "rating": null,
      "review_count": null,
      "claimed": false,
      "featured": false
    },
    {
      "name": "Aloft Mount Laurel",
      "category": "Hotel",
      "address": "558 Fellowship Road, Mount Laurel, NJ 08054",
      "phone": "",
      "email": "",
      "website": "",
      "hours": "",
      "rating": null,
      "review_count": null,
      "claimed": false,
      "featured": false
    },
    {
      "name": "Clarion Hotel & Suites",
      "category": "Hotel",
      "address": "1111 NJ-23, Mount Laurel, NJ 08054",
      "phone": "",
      "email": "",
      "website": "",
      "hours": "",
      "rating": null,
      "review_count": null,
      "claimed": false,
      "featured": false
    },
    {
      "name": "Comfort Inn & Suites",
      "category": "Hotel",
      "address": "350 Century Parkway, Mount Laurel, NJ 08054",
      "phone": "+1 856-282-1500",
      "email": "",
      "website": "https://www.choicehotels.com/pennsylvania/trevose/radisson-blu-hotels",
      "hours": "",
      "rating": null,
      "review_count": null,
      "claimed": false,
      "featured": false
    },
    {
      "name": "Courtyard Mt. Laurel",
      "category": "Hotel",
      "address": "1000 Century Parkway, Mount Laurel, NJ 08054",
      "phone": "+1 856-273-4400",
      "email": "",
      "website": "https://www.marriott.com/phlml",
      "hours": "",
      "rating": null,
      "review_count": null,
      "claimed": false,
      "featured": false
    },
    {
      "name": "Extended Stay America - Philadelphia - Mt. Laurel - Crawford Place",
      "category": "Hotel",
      "address": "101 Diemer Drive, Mount Laurel, NJ 08054",
      "phone": "",
      "email": "",
      "website": "",
      "hours": "",
      "rating": null,
      "review_count": null,
      "claimed": false,
      "featured": false
    },
    {
      "name": "Extended Stay America - Philadelphia - Mt. Laurel - Pacilli Place",
      "category": "Hotel",
      "address": "500 Diemer Drive, Mount Laurel, NJ 08054",
      "phone": "",
      "email": "",
      "website": "",
      "hours": "",
      "rating": null,
      "review_count": null,
      "claimed": false,
      "featured": false
    },
    {
      "name": "Hampton Inn & Suites",
      "category": "Hotel",
      "address": "2020 Briggs Road, Mount Laurel, NJ 08054",
      "phone": "+1 856-733-0020",
      "email": "",
      "website": "https://www.hilton.com/en/hotels/phlmmhx-hampton-suites-mount-laurel-moorestown/",
      "hours": "",
      "rating": null,
      "review_count": null,
      "claimed": false,
      "featured": false
    },
    {
      "name": "Hampton Inn Philadelphia/Mt. Laurel",
      "category": "Hotel",
      "address": "5000 Crawford Place, Mount Laurel, NJ 08054",
      "phone": "+1 856-778-5535",
      "email": "",
      "website": "https://www.hilton.com/en/hotels/pmlnjhx-hampton-philadelphia-mt-laurel/",
      "hours": "",
      "rating": null,
      "review_count": null,
      "claimed": false,
      "featured": false
    },
    {
      "name": "Hilton Garden Inn Mt. Laurel",
      "category": "Hotel",
      "address": "4000 Atrium Way, Mount Laurel, NJ 08054",
      "phone": "",
      "email": "",
      "website": "https://www.hilton.com/en/hotels/phlmtgi-hilton-garden-inn-mt-laurel/",
      "hours": "",
      "rating": null,
      "review_count": null,
      "claimed": false,
      "featured": false
    },
    {
      "name": "Holiday Inn Express & Suites Philadelphia - Mt. Laurel",
      "category": "Hotel",
      "address": "6000 Crawford Place, Mount Laurel, NJ 08054",
      "phone": "+1 856-727-0010",
      "email": "",
      "website": "https://www.ihg.com/holidayinnexpress/hotels/us/en/mt-laurel/mtlnj/hoteldetail",
      "hours": "",
      "rating": null,
      "review_count": null,
      "claimed": false,
      "featured": false
    },
    {
      "name": "Homewood Suites by Hilton Philadelphia/Mt.Laurel",
      "category": "Hotel",
      "address": "1422 Nixon Drive, Mount Laurel, NJ 08054",
      "phone": "+1 856 2229001",
      "email": "",
      "website": "https://homewoodsuites3.hilton.com/en/hotels/new-jersey/homewood-suites-by-hilton-mt-laurel-EWRMLHW/index.html",
      "hours": "",
      "rating": null,
      "review_count": null,
      "claimed": false,
      "featured": false
    },
    {
      "name": "Hyatt House Mt. Laurel",
      "category": "Hotel",
      "address": "3000 Crawford Place, Mount Laurel, NJ 08054",
      "phone": "+1 856-222-1313",
      "email": "",
      "website": "https://www.hyatt.com/en-us/hotel/new-jersey/hyatt-house-mt-laurel/phlxm",
      "hours": "",
      "rating": null,
      "review_count": null,
      "claimed": false,
      "featured": false
    },
    {
      "name": "Hyatt Place Mt. Laurel",
      "category": "Hotel",
      "address": "8000 Crawford Place, Mount Laurel, NJ 08054",
      "phone": "+1 856-840-0770",
      "email": "",
      "website": "https://www.hyatt.com/en-us/hotel/new-jersey/hyatt-place-mt-laurel/phlzm",
      "hours": "",
      "rating": null,
      "review_count": null,
      "claimed": false,
      "featured": false
    },
    {
      "name": "La Quinta Inn & Suites",
      "category": "Hotel",
      "address": "Mount Laurel, NJ 08054",
      "phone": "+1 856-548-8448",
      "email": "",
      "website": "https://www.wyndhamhotels.com/laquinta/mt-laurel-township-new-jersey/la-quinta-inn-suites-mount-laurel-moorestown/overview",
      "hours": "",
      "rating": null,
      "review_count": null,
      "claimed": false,
      "featured": false
    },
    {
      "name": "La Quinta Inn & Suites Mt. Laurel - Philadelphia",
      "category": "Hotel",
      "address": "5000 Clover Road, Mount Laurel, NJ 08054",
      "phone": "+1 856-235-7500",
      "email": "",
      "website": "https://www.wyndhamhotels.com/laquinta/mount-laurel-new-jersey/la-quinta-mt-laurel-philadelphia/overview",
      "hours": "",
      "rating": null,
      "review_count": null,
      "claimed": false,
      "featured": false
    },
    {
      "name": "Residence Inn",
      "category": "Hotel",
      "address": "1000 Bishops Gate Boulevard, Mount Laurel, NJ 08054",
      "phone": "+1 856-234-1025",
      "email": "",
      "website": "https://www.marriott.com/phlrl",
      "hours": "",
      "rating": null,
      "review_count": null,
      "claimed": false,
      "featured": false
    },
    {
      "name": "Sonesta Simply Suites Philadelphia Mount Laurel",
      "category": "Hotel",
      "address": "4000 Crawford Place, Mount Laurel, NJ 08054",
      "phone": "",
      "email": "",
      "website": "",
      "hours": "",
      "rating": null,
      "review_count": null,
      "claimed": false,
      "featured": false
    },
    {
      "name": "Spring Hill Suites",
      "category": "Hotel",
      "address": "5000 Midlantic Drive, Mount Laurel, NJ 08054",
      "phone": "+1 856-234-2009",
      "email": "",
      "website": "https://www.marriott.com/phlsm",
      "hours": "",
      "rating": null,
      "review_count": null,
      "claimed": false,
      "featured": false
    },
    {
      "name": "Staybridge Suites Philadelphia-Mt. Laurel",
      "category": "Hotel",
      "address": "4114 Church Road, Mount Laurel, NJ 08054",
      "phone": "",
      "email": "",
      "website": "",
      "hours": "",
      "rating": null,
      "review_count": null,
      "claimed": false,
      "featured": false
    },
    {
      "name": "The Hotel ML",
      "category": "Hotel",
      "address": "Mount Laurel, NJ",
      "phone": "",
      "email": "",
      "website": "",
      "hours": "",
      "rating": null,
      "review_count": null,
      "claimed": false,
      "featured": false
    },
    {
      "name": "The Westin Mount Laurel",
      "category": "Hotel",
      "address": "555 Fellowship Road, Mount Laurel, NJ 08054",
      "phone": "",
      "email": "",
      "website": "",
      "hours": "",
      "rating": null,
      "review_count": null,
      "claimed": false,
      "featured": false
    },
    {
      "name": "AAA",
      "category": "Insurance",
      "address": "Mount Laurel, NJ",
      "phone": "",
      "email": "",
      "website": "",
      "hours": "",
      "rating": null,
      "review_count": null,
      "claimed": false,
      "featured": false
    },
    {
      "name": "Monsoon",
      "category": "Insurance",
      "address": "Mount Laurel, NJ",
      "phone": "",
      "email": "",
      "website": "",
      "hours": "",
      "rating": null,
      "review_count": null,
      "claimed": false,
      "featured": false
    },
    {
      "name": "Martin's Liquors",
      "category": "Liquor Store",
      "address": "Mount Laurel, NJ",
      "phone": "",
      "email": "",
      "website": "",
      "hours": "",
      "rating": null,
      "review_count": null,
      "claimed": false,
      "featured": false
    },
    {
      "name": "Core Synergies Massage and Pilates",
      "category": "Massage",
      "address": "320 NJ-38 #203, Mount Laurel, NJ 08054",
      "phone": "+1 856-699-1176",
      "email": "",
      "website": "",
      "hours": "Mo 10:00-17:00, Tu 09:00-18:30, We 11:00-18:30, Th 09:00-18:00, Fr 11:00-17:00, Sa-Su closed",
      "rating": null,
      "review_count": null,
      "claimed": false,
      "featured": false
    },
    {
      "name": "Sprint",
      "category": "Mobile Phone Store",
      "address": "50 Centerton Rd, Mount Laurel, NJ",
      "phone": "",
      "email": "",
      "website": "",
      "hours": "",
      "rating": null,
      "review_count": null,
      "claimed": false,
      "featured": false
    },
    {
      "name": "Verizon",
      "category": "Mobile Phone Store",
      "address": "Mount Laurel, NJ",
      "phone": "",
      "email": "",
      "website": "",
      "hours": "",
      "rating": null,
      "review_count": null,
      "claimed": false,
      "featured": false
    },
    {
      "name": "Trident Mortgage",
      "category": "Money lender",
      "address": "Mount Laurel, NJ",
      "phone": "",
      "email": "",
      "website": "",
      "hours": "",
      "rating": null,
      "review_count": null,
      "claimed": false,
      "featured": false
    },
    {
      "name": "Econo Lodge",
      "category": "Motel",
      "address": "611 Fellowship Road, Mount Laurel, NJ 08054",
      "phone": "+1 856-722-1919",
      "email": "",
      "website": "https://www.choicehotels.com/pennsylvania/trevose/radisson-blu-hotels",
      "hours": "",
      "rating": null,
      "review_count": null,
      "claimed": false,
      "featured": false
    },
    {
      "name": "Knights Inn Mount Laurel",
      "category": "Motel",
      "address": "1104 NJ-73, Mount Laurel, NJ 08054",
      "phone": "",
      "email": "",
      "website": "",
      "hours": "",
      "rating": null,
      "review_count": null,
      "claimed": false,
      "featured": false
    },
    {
      "name": "Rodeway Inn Mount Laurel Hwy 73",
      "category": "Motel",
      "address": "1132 NJ-73, Mount Laurel, NJ 08054",
      "phone": "+1 856-656-2000",
      "email": "",
      "website": "https://www.choicehotels.com/pennsylvania/trevose/radisson-blu-hotels",
      "hours": "",
      "rating": null,
      "review_count": null,
      "claimed": false,
      "featured": false
    },
    {
      "name": "Super 8 by Wyndham Mount Laurel",
      "category": "Motel",
      "address": "560 Fellowship Road, Mount Laurel, NJ 08054",
      "phone": "+1 856-802-2800",
      "email": "",
      "website": "https://www.wyndhamhotels.com/super-8/mount-laurel-new-jersey/super-8-mount-laurel/overview",
      "hours": "",
      "rating": null,
      "review_count": null,
      "claimed": false,
      "featured": false
    },
    {
      "name": "Track and Turf Motel",
      "category": "Motel",
      "address": "Mount Laurel, NJ",
      "phone": "",
      "email": "",
      "website": "",
      "hours": "",
      "rating": null,
      "review_count": null,
      "claimed": false,
      "featured": false
    },
    {
      "name": "The Vitamin Shoppe",
      "category": "Nutrition supplements",
      "address": "Mount Laurel, NJ",
      "phone": "",
      "email": "",
      "website": "",
      "hours": "",
      "rating": null,
      "review_count": null,
      "claimed": false,
      "featured": false
    },
    {
      "name": "PetSmart",
      "category": "Pet Store",
      "address": "62 62 Centerton Road, Mount Laurel, NJ 08054",
      "phone": "+1 856-802-9949",
      "email": "",
      "website": "https://www.petsmart.com/stores/us/nj/mount-laurel-store1219.html",
      "hours": "Mo-Sa 09:00-21:00; Su 10:00-19:00",
      "rating": null,
      "review_count": null,
      "claimed": false,
      "featured": false
    },
    {
      "name": "CVS Pharmacy",
      "category": "Pharmacy",
      "address": "Mount Laurel, NJ",
      "phone": "",
      "email": "",
      "website": "https://www.cvs.com/store-locator/mount-laurel-nj-pharmacies/3110-route-38-mount-laurel-nj-08054/storeid=668",
      "hours": "",
      "rating": null,
      "review_count": null,
      "claimed": false,
      "featured": false
    },
    {
      "name": "Walgreens",
      "category": "Pharmacy",
      "address": "Mount Laurel, NJ",
      "phone": "",
      "email": "",
      "website": "",
      "hours": "",
      "rating": null,
      "review_count": null,
      "claimed": false,
      "featured": false
    },
    {
      "name": "Portrait Innovations",
      "category": "Photographer",
      "address": "Mount Laurel, NJ",
      "phone": "",
      "email": "",
      "website": "",
      "hours": "",
      "rating": null,
      "review_count": null,
      "claimed": false,
      "featured": false
    },
    {
      "name": "Haddon Point Mount Laurel",
      "category": "Property management",
      "address": "1 Haddon Boulevard, Mount Laurel, NJ 08054",
      "phone": "+1-856-226-7600",
      "email": "",
      "website": "https://haddonpointmountlaurel.com",
      "hours": "Mo-Su 09:00-17:00",
      "rating": null,
      "review_count": null,
      "claimed": false,
      "featured": false
    },
    {
      "name": "Anthony's Coal Fired Pizza",
      "category": "Restaurant",
      "address": "7000 Midatlantic Drive, Mount Laurel, NJ 08054",
      "phone": "",
      "email": "",
      "website": "",
      "hours": "",
      "rating": null,
      "review_count": null,
      "claimed": false,
      "featured": false
    },
    {
      "name": "Applebee's",
      "category": "Restaurant",
      "address": "1102 NJ-73, Mount Laurel, NJ 08054",
      "phone": "+1 856-581-0116",
      "email": "",
      "website": "https://restaurants.applebees.com/en-us/nj/mount-laurel/1102-route-73-south-77056",
      "hours": "",
      "rating": null,
      "review_count": null,
      "claimed": false,
      "featured": false
    },
    {
      "name": "Bhan Thai",
      "category": "Restaurant",
      "address": "Mount Laurel, NJ",
      "phone": "",
      "email": "",
      "website": "",
      "hours": "",
      "rating": null,
      "review_count": null,
      "claimed": false,
      "featured": false
    },
    {
      "name": "Bob Evans",
      "category": "Restaurant",
      "address": "601 Fellowship Road, Mount Laurel, NJ 08054",
      "phone": "",
      "email": "",
      "website": "",
      "hours": "",
      "rating": null,
      "review_count": null,
      "claimed": false,
      "featured": false
    },
    {
      "name": "Chili's",
      "category": "Restaurant",
      "address": "4162 Church Road, Mount Laurel, NJ 08054",
      "phone": "",
      "email": "",
      "website": "",
      "hours": "",
      "rating": null,
      "review_count": null,
      "claimed": false,
      "featured": false
    },
    {
      "name": "Cracker Barrel",
      "category": "Restaurant",
      "address": "1240 NJ-73, Mount Laurel, NJ 08054",
      "phone": "",
      "email": "",
      "website": "",
      "hours": "",
      "rating": null,
      "review_count": null,
      "claimed": false,
      "featured": false
    },
    {
      "name": "Crust N Fire",
      "category": "Restaurant",
      "address": "Mount Laurel, NJ",
      "phone": "",
      "email": "",
      "website": "",
      "hours": "",
      "rating": null,
      "review_count": null,
      "claimed": false,
      "featured": false
    },
    {
      "name": "Cucina Carini",
      "category": "Restaurant",
      "address": "Mount Laurel, NJ",
      "phone": "",
      "email": "",
      "website": "",
      "hours": "",
      "rating": null,
      "review_count": null,
      "claimed": false,
      "featured": false
    },
    {
      "name": "K-Towne Kitchen",
      "category": "Restaurant",
      "address": "888 Union Mill Road, Mount Laurel, NJ 08054",
      "phone": "+16098993633",
      "email": "",
      "website": "https://www.facebook.com/profile.php?id=100086364972888",
      "hours": "",
      "rating": null,
      "review_count": null,
      "claimed": false,
      "featured": false
    },
    {
      "name": "Kiri Udon",
      "category": "Restaurant",
      "address": "1215 NJ-73, Mount Laurel, NJ 08054",
      "phone": "+1-640-248-1256",
      "email": "",
      "website": "",
      "hours": "",
      "rating": null,
      "review_count": null,
      "claimed": false,
      "featured": false
    },
    {
      "name": "LaScala's Pronto",
      "category": "Restaurant",
      "address": "Mount Laurel, NJ",
      "phone": "",
      "email": "",
      "website": "",
      "hours": "",
      "rating": null,
      "review_count": null,
      "claimed": false,
      "featured": false
    },
    {
      "name": "Miller's Ale House",
      "category": "Restaurant",
      "address": "554 Fellowship Road, Mount Laurel, NJ 08054",
      "phone": "",
      "email": "",
      "website": "",
      "hours": "",
      "rating": null,
      "review_count": null,
      "claimed": false,
      "featured": false
    },
    {
      "name": "Mochiatsu",
      "category": "Restaurant",
      "address": "3131 Route 38, Mount Laurel, NJ 08054",
      "phone": "+1 856-533-0780",
      "email": "",
      "website": "https://mochiatsu.com/",
      "hours": "",
      "rating": null,
      "review_count": null,
      "claimed": false,
      "featured": false
    },
    {
      "name": "Naf Naf Grill",
      "category": "Restaurant",
      "address": "7000 Midatlantic Drive, Mount Laurel, NJ 08054",
      "phone": "",
      "email": "",
      "website": "",
      "hours": "",
      "rating": null,
      "review_count": null,
      "claimed": false,
      "featured": false
    },
    {
      "name": "On The Border",
      "category": "Restaurant",
      "address": "4160 Church Road, Mount Laurel, NJ 08054",
      "phone": "",
      "email": "",
      "website": "",
      "hours": "",
      "rating": null,
      "review_count": null,
      "claimed": false,
      "featured": false
    },
    {
      "name": "Pancheros Mexican Grill",
      "category": "Restaurant",
      "address": "Mount Laurel, NJ",
      "phone": "",
      "email": "",
      "website": "",
      "hours": "",
      "rating": null,
      "review_count": null,
      "claimed": false,
      "featured": false
    },
    {
      "name": "Pepper House",
      "category": "Restaurant",
      "address": "3111 NJ-38, Mount Laurel, NJ 08054",
      "phone": "+1 856-234-2929",
      "email": "",
      "website": "https://www.pepperhousenj.com",
      "hours": "Mo,We-Th 11:30-14:30,17:00-21:30; Tu off; Fr-Su 11:30-15:00,17:00-22:00",
      "rating": null,
      "review_count": null,
      "claimed": false,
      "featured": false
    },
    {
      "name": "Prospectors Steakhouse & Saloon",
      "category": "Restaurant",
      "address": "3050 Route 38, Mount Laurel, NJ 08054",
      "phone": "+1 856-235-1121",
      "email": "",
      "website": "https://www.prospectorsrestaurant.com/",
      "hours": "Mo-Th 11:00-21:00; Fr,Sa 11:00-22:00; Su 09:30-21:00",
      "rating": null,
      "review_count": null,
      "claimed": false,
      "featured": false
    },
    {
      "name": "Rai Rai Ramen",
      "category": "Restaurant",
      "address": "1200 South Church Street, Mount Laurel, NJ 08054",
      "phone": "+1-856-360-7142",
      "email": "",
      "website": "",
      "hours": "Su-Th 11:00-21:00; Fr-Sa 11:00-22:00",
      "rating": null,
      "review_count": null,
      "claimed": false,
      "featured": false
    },
    {
      "name": "Ruby Tuesday",
      "category": "Restaurant",
      "address": "Mount Laurel, NJ",
      "phone": "",
      "email": "",
      "website": "",
      "hours": "",
      "rating": null,
      "review_count": null,
      "claimed": false,
      "featured": false
    },
    {
      "name": "Sage Diner",
      "category": "Restaurant",
      "address": "1170 NJ-73, Mount Laurel, NJ 08054",
      "phone": "",
      "email": "",
      "website": "",
      "hours": "",
      "rating": null,
      "review_count": null,
      "claimed": false,
      "featured": false
    },
    {
      "name": "Tommy's Tavern & Tap",
      "category": "Restaurant",
      "address": "40 Centerton Rd, Mount Laurel, NJ",
      "phone": "",
      "email": "",
      "website": "",
      "hours": "",
      "rating": null,
      "review_count": null,
      "claimed": false,
      "featured": false
    },
    {
      "name": "Tres Yan & Wu",
      "category": "Restaurant",
      "address": "3131 Route 38, Mount Laurel, NJ",
      "phone": "+1 856-608-8888",
      "email": "",
      "website": "https://mhme.nu/lp/c5ed676e-a1c9-45ec-a677-3eb0679c974a",
      "hours": "11:30-20:30",
      "rating": null,
      "review_count": null,
      "claimed": false,
      "featured": false
    },
    {
      "name": "RCBC Public Safety",
      "category": "Security",
      "address": "Mount Laurel, NJ",
      "phone": "",
      "email": "",
      "website": "",
      "hours": "",
      "rating": null,
      "review_count": null,
      "claimed": false,
      "featured": false
    },
    {
      "name": "New Balance",
      "category": "Shoe Store",
      "address": "Mount Laurel, NJ",
      "phone": "",
      "email": "",
      "website": "",
      "hours": "",
      "rating": null,
      "review_count": null,
      "claimed": false,
      "featured": false
    },
    {
      "name": "Dick's Sporting Goods",
      "category": "Sporting Goods",
      "address": "1300 Nixon Drive, Mount Laurel, NJ 08054",
      "phone": "+1 856-802-1225",
      "email": "",
      "website": "https://stores.dickssportinggoods.com/nj/mt-laurel/82/",
      "hours": "Mo-Sa 09:00-21:00; Su 10:00-19:00",
      "rating": null,
      "review_count": null,
      "claimed": false,
      "featured": false
    },
    {
      "name": "Metro Self Storage",
      "category": "Storage rental",
      "address": "Mount Laurel, NJ",
      "phone": "",
      "email": "",
      "website": "",
      "hours": "",
      "rating": null,
      "review_count": null,
      "claimed": false,
      "featured": false
    },
    {
      "name": "U-haul Moving & Storage",
      "category": "Storage rental",
      "address": "Mount Laurel, NJ",
      "phone": "",
      "email": "",
      "website": "",
      "hours": "",
      "rating": null,
      "review_count": null,
      "claimed": false,
      "featured": false
    },
    {
      "name": "ALDI",
      "category": "Supermarket",
      "address": "3105 Route 38, Mount Laurel, NJ 08054-9725",
      "phone": "+1 844-460-7046",
      "email": "",
      "website": "https://stores.aldi.us/nj/mount-laurel/3105-route-38",
      "hours": "Mo-Su 09:00-20:00",
      "rating": null,
      "review_count": null,
      "claimed": false,
      "featured": false
    },
    {
      "name": "ShopRite",
      "category": "Supermarket",
      "address": "1000 Nixon Drive, Mount Laurel, NJ 08054",
      "phone": "+1 856-439-9700",
      "email": "",
      "website": "https://www.shoprite.com/sm/planning/rsid/594",
      "hours": "Mo-Su 07:00-22:00",
      "rating": null,
      "review_count": null,
      "claimed": false,
      "featured": false
    },
    {
      "name": "ShopRite",
      "category": "Supermarket",
      "address": "892 Union Mill Road, Mount Laurel, NJ 08054",
      "phone": "+1 856-365-0341",
      "email": "",
      "website": "https://www.shoprite.com/sm/planning/rsid/525",
      "hours": "Mo-Su 07:00-22:00",
      "rating": null,
      "review_count": null,
      "claimed": false,
      "featured": false
    },
    {
      "name": "ShopRite",
      "category": "Supermarket",
      "address": "127 Ark Road, Mount Laurel, NJ 08054",
      "phone": "+1 856-359-2180",
      "email": "",
      "website": "https://www.shoprite.com/sm/planning/rsid/515",
      "hours": "Mo-Su 07:00-22:00",
      "rating": null,
      "review_count": null,
      "claimed": false,
      "featured": false
    },
    {
      "name": "Walmart Supercenter",
      "category": "Supermarket",
      "address": "934 Route 73, Mount Laurel, NJ 08054",
      "phone": "+1 856-372-6130",
      "email": "",
      "website": "https://www.walmart.com/store/5944-mount-laurel-nj",
      "hours": "Mo-Su 07:00-24:00",
      "rating": null,
      "review_count": null,
      "claimed": false,
      "featured": false
    },
    {
      "name": "Wegmans",
      "category": "Supermarket",
      "address": "2 2 Centerton Road, Mount Laurel, NJ 08054",
      "phone": "+1 856-439-7300",
      "email": "",
      "website": "https://www.wegmans.com/stores/mt-laurel-nj",
      "hours": "PH,Mo-Su 07:00-24:00",
      "rating": null,
      "review_count": null,
      "claimed": false,
      "featured": false
    },
    {
      "name": "Grainger",
      "category": "Trade",
      "address": "819 East Gate Drive, Mount Laurel, NJ 08054",
      "phone": "",
      "email": "",
      "website": "https://www.grainger.com/branch/Mt.-Laurel-Branch-592",
      "hours": "Mo-Fr 07:00-16:00",
      "rating": null,
      "review_count": null,
      "claimed": false,
      "featured": false
    },
    {
      "name": "Dollar Tree",
      "category": "Variety Store",
      "address": "Mount Laurel, NJ",
      "phone": "",
      "email": "",
      "website": "",
      "hours": "",
      "rating": null,
      "review_count": null,
      "claimed": false,
      "featured": false
    },
    {
      "name": "Mount Laurel Animal Hospital",
      "category": "Veterinary",
      "address": "220 Mount Laurel Road, Mount Laurel, NJ 08054",
      "phone": "",
      "email": "",
      "website": "",
      "hours": "",
      "rating": null,
      "review_count": null,
      "claimed": false,
      "featured": false
    },
    {
      "name": "Costco",
      "category": "Wholesale",
      "address": "100 Centerton Road, Mount Laurel, NJ 08054-6103",
      "phone": "+1 856-359-3650",
      "email": "",
      "website": "https://www.costco.com/warehouse-locations/mt-laurel-mount-laurel-nj-749.html",
      "hours": "Mo-Fr 10:00-20:30; Sa 09:30-18:00; Su 10:00-18:00",
      "rating": null,
      "review_count": null,
      "claimed": false,
      "featured": false
    }
  ]
}