{
  "name": "North Plainfield",
  "state": "New Jersey",
  "state_abbr": "NJ",
  "county": null,
  "population": 21738,
  "slug": "north-plainfield-nj",
  "businesses": [
    {
      "name": "Capital One",
      "category": "Bank",
      "address": "North Plainfield, NJ",
      "phone": "",
      "email": "",
      "website": "",
      "hours": "",
      "rating": null,
      "review_count": null,
      "claimed": false,
      "featured": false
    },
    {
      "name": "Casa de tia",
      "category": "Bookmaker",
      "address": "North Plainfield, NJ",
      "phone": "",
      "email": "",
      "website": "",
      "hours": "",
      "rating": null,
      "review_count": null,
      "claimed": false,
      "featured": false
    },
    {
      "name": "Gertrude Hawk Chocolates",
      "category": "Chocolate",
      "address": "North Plainfield, NJ",
      "phone": "",
      "email": "",
      "website": "",
      "hours": "",
      "rating": null,
      "review_count": null,
      "claimed": false,
      "featured": false
    },
    {
      "name": "DaVita Dialysis",
      "category": "Clinic",
      "address": "1260 Route 22, North Plainfield, NJ 07060",
      "phone": "",
      "email": "",
      "website": "",
      "hours": "",
      "rating": null,
      "review_count": null,
      "claimed": false,
      "featured": false
    },
    {
      "name": "Protek computer repairs",
      "category": "Computer Store",
      "address": "326 Somerset Street, North Plainfield, NJ 07060",
      "phone": "+1-908-755-7760",
      "email": "",
      "website": "",
      "hours": "10:00-21:00",
      "rating": null,
      "review_count": null,
      "claimed": false,
      "featured": false
    },
    {
      "name": "7-Eleven",
      "category": "Convenience Store",
      "address": "564 US- 22, North Plainfield, NJ 07060",
      "phone": "",
      "email": "",
      "website": "",
      "hours": "",
      "rating": null,
      "review_count": null,
      "claimed": false,
      "featured": false
    },
    {
      "name": "Wawa",
      "category": "Convenience Store",
      "address": "855 US- 22, North Plainfield, NJ 07060",
      "phone": "",
      "email": "",
      "website": "",
      "hours": "",
      "rating": null,
      "review_count": null,
      "claimed": false,
      "featured": false
    },
    {
      "name": "Good Guy Vapes",
      "category": "E-cigarette",
      "address": "795 Route 22, North Plainfield, NJ 07060",
      "phone": "",
      "email": "",
      "website": "",
      "hours": "",
      "rating": null,
      "review_count": null,
      "claimed": false,
      "featured": false
    },
    {
      "name": "Naughty a Couple’s Boutique",
      "category": "Erotic",
      "address": "1005 US Hwy 22 W, North Plainfield, NJ 07060",
      "phone": "",
      "email": "",
      "website": "",
      "hours": "",
      "rating": null,
      "review_count": null,
      "claimed": false,
      "featured": false
    },
    {
      "name": "Dunkin'",
      "category": "Fast Food",
      "address": "885 US- 22, North Plainfield, NJ 07060",
      "phone": "+1 908-754-4426",
      "email": "",
      "website": "https://locations.dunkindonuts.com/en/nj/north-plainfield/885-us-highway-22/300896",
      "hours": "Mo-Sa 05:00-21:00; Su 06:00-21:00",
      "rating": null,
      "review_count": null,
      "claimed": false,
      "featured": false
    },
    {
      "name": "La-Z-Boy",
      "category": "Furniture Store",
      "address": "1240 Route 22, North Plainfield, NJ 07060",
      "phone": "+1 908-769-4783",
      "email": "",
      "website": "https://www.la-z-boy.com/store/50860925/north-plainfield-nj",
      "hours": "Mo-Fr 10:00-19:00; Sa 10:00-18:00; Su 11:00-18:00",
      "rating": null,
      "review_count": null,
      "claimed": false,
      "featured": false
    },
    {
      "name": "Costco Gasoline",
      "category": "Gas Station",
      "address": "1280 Route 22, North Plainfield, NJ 07060",
      "phone": "",
      "email": "",
      "website": "https://www.costco.com/warehouse-locations/north-plainfield-nj-1166.html",
      "hours": "",
      "rating": null,
      "review_count": null,
      "claimed": false,
      "featured": false
    },
    {
      "name": "Gulf",
      "category": "Gas Station",
      "address": "North Plainfield, NJ",
      "phone": "",
      "email": "",
      "website": "",
      "hours": "",
      "rating": null,
      "review_count": null,
      "claimed": false,
      "featured": false
    },
    {
      "name": "Sunoco",
      "category": "Gas Station",
      "address": "North Plainfield, NJ",
      "phone": "",
      "email": "",
      "website": "https://www.sunoco.com/locations/store/400-somerset-st-north-plainfield-nj-0006888207",
      "hours": "",
      "rating": null,
      "review_count": null,
      "claimed": false,
      "featured": false
    },
    {
      "name": "Wawa",
      "category": "Gas Station",
      "address": "North Plainfield, NJ",
      "phone": "",
      "email": "",
      "website": "",
      "hours": "",
      "rating": null,
      "review_count": null,
      "claimed": false,
      "featured": false
    },
    {
      "name": "AAA Insurance",
      "category": "Insurance",
      "address": "1210 Route 22, North Plainfield, NJ 07060",
      "phone": "",
      "email": "",
      "website": "",
      "hours": "",
      "rating": null,
      "review_count": null,
      "claimed": false,
      "featured": false
    },
    {
      "name": "Fiesta Time",
      "category": "Pastry",
      "address": "285 Somerset Street, North Plainfield, NJ 07060",
      "phone": "+1-908-226-0863",
      "email": "eli.fernandez07@gmail.com",
      "website": "https://linktr.ee/fiestatime285",
      "hours": "Mo 10:00-18:30; Tu 09:30-18:30; We-Th 09:00-19:00; Fr 09:00-18:30; Sa 10:00-17:30; Su 11:00-15:30",
      "rating": null,
      "review_count": null,
      "claimed": false,
      "featured": false
    },
    {
      "name": "Petco",
      "category": "Pet Store",
      "address": "1250 Route 22, North Plainfield, NJ 07060",
      "phone": "+1 908-546-4009",
      "email": "",
      "website": "https://stores.petco.com/nj/northplainfield/pet-supplies-northplainfield-nj-3834.html",
      "hours": "Mo-Sa 09:00-21:00; Su 10:00-19:00",
      "rating": null,
      "review_count": null,
      "claimed": false,
      "featured": false
    },
    {
      "name": "Brisas Bakery & Restaurant",
      "category": "Restaurant",
      "address": "214 Somerset Street, North Plainfield, NJ 07060",
      "phone": "+1-908-205-8962",
      "email": "",
      "website": "https://brisasempanadas.com",
      "hours": "Mo-Su 05:00-21:00",
      "rating": null,
      "review_count": null,
      "claimed": false,
      "featured": false
    },
    {
      "name": "IHOP",
      "category": "Restaurant",
      "address": "1120 Route 22, North Plainfield, NJ 07060",
      "phone": "+1 908-791-9355",
      "email": "",
      "website": "https://restaurants.ihop.com/en-us/nj/n-plainfield/breakfast-1120-us-hwy-22-4692",
      "hours": "Mo-Th,Su 07:00-22:00; Fr,Sa 07:00-23:00",
      "rating": null,
      "review_count": null,
      "claimed": false,
      "featured": false
    },
    {
      "name": "Red Tower II",
      "category": "Restaurant",
      "address": "864 US- 22, North Plainfield, NJ 07060",
      "phone": "",
      "email": "",
      "website": "",
      "hours": "",
      "rating": null,
      "review_count": null,
      "claimed": false,
      "featured": false
    },
    {
      "name": "Texas Roadhouse",
      "category": "Restaurant",
      "address": "1258 Route 22, North Plainfield, NJ 07060",
      "phone": "+1 908-753-3866",
      "email": "",
      "website": "https://www.texasroadhouse.com/locations/496-north-plainfieldnj",
      "hours": "Mo-Th 16:00-22:00; Fr 15:00-23:00; Sa 12:00-23:00; Su 12:00-22:00",
      "rating": null,
      "review_count": null,
      "claimed": false,
      "featured": false
    },
    {
      "name": "The Brook",
      "category": "Restaurant",
      "address": "58 Greenbrook Road, North Plainfield, NJ 07060",
      "phone": "",
      "email": "",
      "website": "",
      "hours": "",
      "rating": null,
      "review_count": null,
      "claimed": false,
      "featured": false
    },
    {
      "name": "The Tile Shop",
      "category": "Tiles",
      "address": "1200 Route 22, North Plainfield, NJ 07060",
      "phone": "+1 908-663-2490",
      "email": "",
      "website": "https://www.tileshop.com/store-locator/north-plainfield",
      "hours": "Mo-Fr 07:00-19:00; Sa 10:00-17:00; Su 11:00-16:00",
      "rating": null,
      "review_count": null,
      "claimed": false,
      "featured": false
    },
    {
      "name": "Costco",
      "category": "Wholesale",
      "address": "1290 Route 22, North Plainfield, NJ 07060",
      "phone": "+1 908-546-5666",
      "email": "",
      "website": "https://www.costco.com/warehouse-locations/north-plainfield-nj-1166.html",
      "hours": "Mo-Fr 10:00-20:30; Sa 09:30-18:00; Su 10:00-18:00",
      "rating": null,
      "review_count": null,
      "claimed": false,
      "featured": false
    }
  ]
}