{
  "name": "Pemberton",
  "state": "New Jersey",
  "state_abbr": "NJ",
  "county": null,
  "population": 1381,
  "slug": "pemberton-nj",
  "businesses": [
    {
      "name": "Grist Mill Antiques Center",
      "category": "Antiques",
      "address": "127 Hanover Street, Pemberton, NJ 08068",
      "phone": "+1-609-726-1588",
      "email": "",
      "website": "https://www.gristmillantiques.com/",
      "hours": "",
      "rating": null,
      "review_count": null,
      "claimed": false,
      "featured": false
    },
    {
      "name": "Portage Station Water Tower",
      "category": "Attraction",
      "address": "Pemberton, NJ",
      "phone": "",
      "email": "",
      "website": "",
      "hours": "",
      "rating": null,
      "review_count": null,
      "claimed": false,
      "featured": false
    },
    {
      "name": "Creekside Glass & Mirror Inc",
      "category": "Auto Repair",
      "address": "205 Hanover Street, Pemberton, NJ 08068",
      "phone": "+1-609-894-2733",
      "email": "",
      "website": "https://www.creeksideglassandmirror.com/",
      "hours": "",
      "rating": null,
      "review_count": null,
      "claimed": false,
      "featured": false
    },
    {
      "name": "Sutton Speed Shop",
      "category": "Auto Repair",
      "address": "36 West Hampton Street, Pemberton, NJ 08068",
      "phone": "+1-609-894-2373",
      "email": "",
      "website": "https://suttonspeedshop.weebly.com/",
      "hours": "",
      "rating": null,
      "review_count": null,
      "claimed": false,
      "featured": false
    },
    {
      "name": "BlueShore Financial",
      "category": "Bank",
      "address": "7438 Prospect Street, Pemberton, NJ",
      "phone": "",
      "email": "",
      "website": "",
      "hours": "Mo-Fr 09:30-16:30",
      "rating": null,
      "review_count": null,
      "claimed": false,
      "featured": false
    },
    {
      "name": "TD Bank",
      "category": "Bank",
      "address": "68 Elizabeth Street, Pemberton, NJ 08068",
      "phone": "+1-609-894-4504",
      "email": "",
      "website": "https://locations.td.com/us/68-elizabeth-street-pemberton",
      "hours": "",
      "rating": null,
      "review_count": null,
      "claimed": false,
      "featured": false
    },
    {
      "name": "Hanover Street Salon",
      "category": "Beauty Salon",
      "address": "74 Hanover Street, Pemberton, NJ 08068",
      "phone": "+1 609-894-9299",
      "email": "",
      "website": "",
      "hours": "",
      "rating": null,
      "review_count": null,
      "claimed": false,
      "featured": false
    },
    {
      "name": "The Centennial",
      "category": "Cafe",
      "address": "7433 Frontier Street, Pemberton, NJ",
      "phone": "+16043840024",
      "email": "",
      "website": "",
      "hours": "11:00-21:00",
      "rating": null,
      "review_count": null,
      "claimed": false,
      "featured": false
    },
    {
      "name": "Hemp Phase Cannabis Dispensary",
      "category": "Cannabis",
      "address": "7433 Frontier Street, Pemberton, NJ",
      "phone": "",
      "email": "",
      "website": "",
      "hours": "",
      "rating": null,
      "review_count": null,
      "claimed": false,
      "featured": false
    },
    {
      "name": "Mount Currie Coffee Company",
      "category": "Coffee",
      "address": "7331 Arbutus Street, Pemberton, NJ",
      "phone": "",
      "email": "",
      "website": "",
      "hours": "Mo-Su 07:00-16:30",
      "rating": null,
      "review_count": null,
      "claimed": false,
      "featured": false
    },
    {
      "name": "Hanover Mart",
      "category": "Convenience Store",
      "address": "209 Hanover Street, Pemberton, NJ 08068",
      "phone": "+1 609-894-0698",
      "email": "",
      "website": "",
      "hours": "",
      "rating": null,
      "review_count": null,
      "claimed": false,
      "featured": false
    },
    {
      "name": "Hanover Deli & Grocery",
      "category": "Deli",
      "address": "70 Hanover Street, Pemberton, NJ 08068",
      "phone": "",
      "email": "",
      "website": "",
      "hours": "",
      "rating": null,
      "review_count": null,
      "claimed": false,
      "featured": false
    },
    {
      "name": "Pemberton Valley Hardware & Building Centre",
      "category": "Doityourself",
      "address": "7426 Prospect Street, Pemberton, NJ",
      "phone": "",
      "email": "",
      "website": "",
      "hours": "",
      "rating": null,
      "review_count": null,
      "claimed": false,
      "featured": false
    },
    {
      "name": "North Arm Farm",
      "category": "Farm",
      "address": "Pemberton, NJ",
      "phone": "",
      "email": "",
      "website": "",
      "hours": "",
      "rating": null,
      "review_count": null,
      "claimed": false,
      "featured": false
    },
    {
      "name": "Burger King",
      "category": "Fast Food",
      "address": "208 Hanover Street, Pemberton, NJ 08068",
      "phone": "+1 609-726-9828",
      "email": "",
      "website": "https://www.bk.com/store-locator/store/restaurant_4992",
      "hours": "06:00-22:00",
      "rating": null,
      "review_count": null,
      "claimed": false,
      "featured": false
    },
    {
      "name": "Dunkin' Donuts",
      "category": "Fast Food",
      "address": "1 West Hampton Street, Pemberton, NJ 08068",
      "phone": "+1 609-894-8200",
      "email": "",
      "website": "https://locations.dunkindonuts.com/en/nj/pemberton/1-w.-hampton-st/330104",
      "hours": "",
      "rating": null,
      "review_count": null,
      "claimed": false,
      "featured": false
    },
    {
      "name": "McDonald's",
      "category": "Fast Food",
      "address": "Pemberton, NJ",
      "phone": "",
      "email": "",
      "website": "",
      "hours": "",
      "rating": null,
      "review_count": null,
      "claimed": false,
      "featured": false
    },
    {
      "name": "Cranberry Blossom Floral Co",
      "category": "Florist",
      "address": "120 Hanover Street, Pemberton, NJ 08068",
      "phone": "+1-609-894-8080",
      "email": "",
      "website": "",
      "hours": "",
      "rating": null,
      "review_count": null,
      "claimed": false,
      "featured": false
    },
    {
      "name": "Collins & Son Funeral Home",
      "category": "Funeral directors",
      "address": "80 Hanover Street, Pemberton, NJ 08068",
      "phone": "",
      "email": "",
      "website": "",
      "hours": "",
      "rating": null,
      "review_count": null,
      "claimed": false,
      "featured": false
    },
    {
      "name": "Lankenau Funeral Homes",
      "category": "Funeral directors",
      "address": "31 Egbert Street, Pemberton, NJ 08068",
      "phone": "+1-609-894-2255",
      "email": "",
      "website": "https://lankenaufuneralhomes.com",
      "hours": "",
      "rating": null,
      "review_count": null,
      "claimed": false,
      "featured": false
    },
    {
      "name": "Pemberton Garden Centre",
      "category": "Garden centre",
      "address": "Pemberton, NJ",
      "phone": "",
      "email": "",
      "website": "",
      "hours": "",
      "rating": null,
      "review_count": null,
      "claimed": false,
      "featured": false
    },
    {
      "name": "Thompson's Lawn & Garden Supply",
      "category": "Garden centre",
      "address": "200 West Hampton Street, Pemberton, NJ 08068",
      "phone": "+1-609-894-8980",
      "email": "",
      "website": "",
      "hours": "",
      "rating": null,
      "review_count": null,
      "claimed": false,
      "featured": false
    },
    {
      "name": "Sunoco",
      "category": "Gas Station",
      "address": "Hanover Street, Pemberton, NJ 08068",
      "phone": "",
      "email": "",
      "website": "",
      "hours": "",
      "rating": null,
      "review_count": null,
      "claimed": false,
      "featured": false
    },
    {
      "name": "USA Gas",
      "category": "Gas Station",
      "address": "206 Hanover Street, Pemberton, NJ 08068",
      "phone": "",
      "email": "",
      "website": "",
      "hours": "",
      "rating": null,
      "review_count": null,
      "claimed": false,
      "featured": false
    },
    {
      "name": "Greenwood Country Inn",
      "category": "Guest House",
      "address": "1371 Greenwood Street, Pemberton, NJ",
      "phone": "",
      "email": "",
      "website": "",
      "hours": "",
      "rating": null,
      "review_count": null,
      "claimed": false,
      "featured": false
    },
    {
      "name": "Cutting Edge Barber Shop",
      "category": "Hair Salon",
      "address": "108 Hanover Street, Pemberton, NJ 08068",
      "phone": "+1-609-894-2216",
      "email": "",
      "website": "",
      "hours": "",
      "rating": null,
      "review_count": null,
      "claimed": false,
      "featured": false
    },
    {
      "name": "Village Barber",
      "category": "Hair Salon",
      "address": "7445 Frontier Street, Pemberton, NJ",
      "phone": "",
      "email": "",
      "website": "",
      "hours": "",
      "rating": null,
      "review_count": null,
      "claimed": false,
      "featured": false
    },
    {
      "name": "Stay Wild Natural Health Food Store And Juice Bar",
      "category": "Health food",
      "address": "7445 Frontier Street, Pemberton, NJ",
      "phone": "",
      "email": "",
      "website": "",
      "hours": "",
      "rating": null,
      "review_count": null,
      "claimed": false,
      "featured": false
    },
    {
      "name": "Isaac Hilliard House Bed & Breakfast",
      "category": "Hotel",
      "address": "31 Hanover Street, Pemberton, NJ 08068",
      "phone": "+1-609-894-0756",
      "email": "",
      "website": "",
      "hours": "",
      "rating": null,
      "review_count": null,
      "claimed": false,
      "featured": false
    },
    {
      "name": "Pemberton Hotel",
      "category": "Hotel",
      "address": "7423 Frontier Street, Pemberton, NJ",
      "phone": "+1-604-894-6313",
      "email": "pembhotel@gmail.com",
      "website": "https://www.pemho.com/",
      "hours": "",
      "rating": null,
      "review_count": null,
      "claimed": false,
      "featured": false
    },
    {
      "name": "Small Potatoes Bazaar",
      "category": "Houseware",
      "address": "7445 Frontier Street, Pemberton, NJ",
      "phone": "",
      "email": "",
      "website": "",
      "hours": "",
      "rating": null,
      "review_count": null,
      "claimed": false,
      "featured": false
    },
    {
      "name": "South Jersey Coin & Gold Exchange",
      "category": "Jewelry Store",
      "address": "97 Hanover Street, Pemberton, NJ 08068",
      "phone": "",
      "email": "",
      "website": "",
      "hours": "",
      "rating": null,
      "review_count": null,
      "claimed": false,
      "featured": false
    },
    {
      "name": "BC Liquor Store",
      "category": "Liquor Store",
      "address": "7445 Frontier Street, Pemberton, NJ",
      "phone": "",
      "email": "",
      "website": "",
      "hours": "",
      "rating": null,
      "review_count": null,
      "claimed": false,
      "featured": false
    },
    {
      "name": "Pemberton Hotel Pub Liquor  Store",
      "category": "Liquor Store",
      "address": "Pemberton, NJ",
      "phone": "",
      "email": "",
      "website": "",
      "hours": "",
      "rating": null,
      "review_count": null,
      "claimed": false,
      "featured": false
    },
    {
      "name": "LaBar's Lock Shop",
      "category": "Locksmith",
      "address": "205 West Hampton Street, Pemberton, NJ 08068",
      "phone": "+1-609-894-2429",
      "email": "",
      "website": "",
      "hours": "",
      "rating": null,
      "review_count": null,
      "claimed": false,
      "featured": false
    },
    {
      "name": "Fougberg Archives",
      "category": "Museum",
      "address": "Pemberton, NJ",
      "phone": "",
      "email": "",
      "website": "",
      "hours": "",
      "rating": null,
      "review_count": null,
      "claimed": false,
      "featured": false
    },
    {
      "name": "Henry Place Archives",
      "category": "Museum",
      "address": "Pemberton, NJ",
      "phone": "",
      "email": "",
      "website": "",
      "hours": "",
      "rating": null,
      "review_count": null,
      "claimed": false,
      "featured": false
    },
    {
      "name": "Miller (Shantz) House",
      "category": "Museum",
      "address": "Pemberton, NJ",
      "phone": "",
      "email": "",
      "website": "",
      "hours": "",
      "rating": null,
      "review_count": null,
      "claimed": false,
      "featured": false
    },
    {
      "name": "Old Pemberton Meadows Schoolhouse",
      "category": "Museum",
      "address": "Pemberton, NJ",
      "phone": "",
      "email": "",
      "website": "",
      "hours": "",
      "rating": null,
      "review_count": null,
      "claimed": false,
      "featured": false
    },
    {
      "name": "Pemberton Museum",
      "category": "Museum",
      "address": "Pemberton, NJ",
      "phone": "",
      "email": "",
      "website": "",
      "hours": "",
      "rating": null,
      "review_count": null,
      "claimed": false,
      "featured": false
    },
    {
      "name": "Whiskers Pet Shop",
      "category": "Pet Store",
      "address": "7445 Frontier Street, Pemberton, NJ",
      "phone": "",
      "email": "",
      "website": "",
      "hours": "",
      "rating": null,
      "review_count": null,
      "claimed": false,
      "featured": false
    },
    {
      "name": "Rexall",
      "category": "Pharmacy",
      "address": "Birch Street, Pemberton, NJ",
      "phone": "",
      "email": "",
      "website": "",
      "hours": "Mo-Sa 09:00-18:00; Su 09:00-16:00",
      "rating": null,
      "review_count": null,
      "claimed": false,
      "featured": false
    },
    {
      "name": "Jamie's Pub",
      "category": "Pub",
      "address": "Pemberton, NJ",
      "phone": "",
      "email": "",
      "website": "",
      "hours": "",
      "rating": null,
      "review_count": null,
      "claimed": false,
      "featured": false
    },
    {
      "name": "Pemberton Hotel Pub",
      "category": "Pub",
      "address": "Pemberton, NJ",
      "phone": "",
      "email": "",
      "website": "",
      "hours": "",
      "rating": null,
      "review_count": null,
      "claimed": false,
      "featured": false
    },
    {
      "name": "Re/Max Executive Realty",
      "category": "Real Estate",
      "address": "199 West Hampton Street, Pemberton, NJ 08068",
      "phone": "+1-609-894-4400",
      "email": "",
      "website": "",
      "hours": "",
      "rating": null,
      "review_count": null,
      "claimed": false,
      "featured": false
    },
    {
      "name": "Boathouse",
      "category": "Rental",
      "address": "Pemberton, NJ",
      "phone": "",
      "email": "",
      "website": "",
      "hours": "",
      "rating": null,
      "review_count": null,
      "claimed": false,
      "featured": false
    },
    {
      "name": "Fish & Rice Sushi & Beyond",
      "category": "Restaurant",
      "address": "7433 Frontier Street, Pemberton, NJ",
      "phone": "",
      "email": "",
      "website": "https://fish-and-rice.com/",
      "hours": "Tu - Sa 16:00-21:00",
      "rating": null,
      "review_count": null,
      "claimed": false,
      "featured": false
    },
    {
      "name": "Grimm's Gourmet & Deli Ltd & Brooklyn's Pizza",
      "category": "Restaurant",
      "address": "7433 Frontier Street, Pemberton, NJ",
      "phone": "+16048945303",
      "email": "",
      "website": "https://grimmsdeli.com/",
      "hours": "",
      "rating": null,
      "review_count": null,
      "claimed": false,
      "featured": false
    },
    {
      "name": "Village Thrift Shop",
      "category": "Second hand",
      "address": "87 Hanover Street, Pemberton, NJ 08068",
      "phone": "+1-609-894-4500",
      "email": "",
      "website": "",
      "hours": "",
      "rating": null,
      "review_count": null,
      "claimed": false,
      "featured": false
    },
    {
      "name": "Spud Valley Sporting Goods Ltd",
      "category": "Sporting Goods",
      "address": "1380 Birch Street, Pemberton, NJ",
      "phone": "",
      "email": "",
      "website": "https://spudvalley.com/",
      "hours": "",
      "rating": null,
      "review_count": null,
      "claimed": false,
      "featured": false
    },
    {
      "name": "AG Foods",
      "category": "Supermarket",
      "address": "Pemberton, NJ",
      "phone": "",
      "email": "",
      "website": "",
      "hours": "",
      "rating": null,
      "review_count": null,
      "claimed": false,
      "featured": false
    },
    {
      "name": "Pemberton Valley Supermarket",
      "category": "Supermarket",
      "address": "Pemberton, NJ",
      "phone": "",
      "email": "",
      "website": "",
      "hours": "Mo-Su 08:00-21:00",
      "rating": null,
      "review_count": null,
      "claimed": false,
      "featured": false
    },
    {
      "name": "The Ink Shop",
      "category": "Tattoo Parlor",
      "address": "38 West Hampton Street, Pemberton, NJ 08068",
      "phone": "+1-609-351-0627",
      "email": "",
      "website": "https://theinkshoptattooz.com/",
      "hours": "",
      "rating": null,
      "review_count": null,
      "claimed": false,
      "featured": false
    }
  ]
}