{
  "name": "Sayreville",
  "state": "New Jersey",
  "state_abbr": "NJ",
  "county": null,
  "population": 42560,
  "slug": "sayreville-nj",
  "businesses": [
    {
      "name": "Body Wellness & Rehabilitation",
      "category": "Alternative",
      "address": "777 Washington Road, Sayreville, NJ 08859",
      "phone": "+1 732-613-1122",
      "email": "",
      "website": "http://www.bwellnj.com/",
      "hours": "Mo,We,Fr 09:00-13:00, 15:00-19:00; Tu,Th 09:00-13:00, 15:00-19:00",
      "rating": null,
      "review_count": null,
      "claimed": false,
      "featured": false
    },
    {
      "name": "Dr. Stephen Chudkowski, DC",
      "category": "Alternative",
      "address": "1145 Bordentown Avenue, Sayreville, NJ 08859",
      "phone": "+1 732-727-0690",
      "email": "",
      "website": "",
      "hours": "",
      "rating": null,
      "review_count": null,
      "claimed": false,
      "featured": false
    },
    {
      "name": "Happy Home Appliances",
      "category": "Appliance",
      "address": "388 Washington Road, Sayreville, NJ 08872",
      "phone": "+1 732-952-5260",
      "email": "",
      "website": "https://happyhomeappliance.com",
      "hours": "Mo-Fr 10:00-17:00; Sa 09:00-18:00; Su closed",
      "rating": null,
      "review_count": null,
      "claimed": false,
      "featured": false
    },
    {
      "name": "First School Bell Sayreville, NJ",
      "category": "Attraction",
      "address": "Sayreville, NJ",
      "phone": "",
      "email": "",
      "website": "",
      "hours": "",
      "rating": null,
      "review_count": null,
      "claimed": false,
      "featured": false
    },
    {
      "name": "Sayre & Fisher Brick Water Tower",
      "category": "Attraction",
      "address": "Sayreville, NJ",
      "phone": "",
      "email": "",
      "website": "https://www.hmdb.org/m.asp?m=93911",
      "hours": "",
      "rating": null,
      "review_count": null,
      "claimed": false,
      "featured": false
    },
    {
      "name": "Sayre & Fisher Reading Room",
      "category": "Attraction",
      "address": "365 Main Street, Sayreville, NJ 08872",
      "phone": "",
      "email": "",
      "website": "",
      "hours": "",
      "rating": null,
      "review_count": null,
      "claimed": false,
      "featured": false
    },
    {
      "name": "United Tarps Parts & More",
      "category": "Auto Parts",
      "address": "1980 NJ 35, Sayreville, NJ 08879",
      "phone": "+1-908-674-3824",
      "email": "",
      "website": "",
      "hours": "Mo-Fr 09:00-16:00; Sa 09:00-16:00; Su off",
      "rating": null,
      "review_count": null,
      "claimed": false,
      "featured": false
    },
    {
      "name": "ASE Automotive Repair",
      "category": "Auto Repair",
      "address": "350 Main Street, Sayreville, NJ 08872",
      "phone": "+1 732-416-8113",
      "email": "",
      "website": "",
      "hours": "",
      "rating": null,
      "review_count": null,
      "claimed": false,
      "featured": false
    },
    {
      "name": "Barry's Automotive LLC",
      "category": "Auto Repair",
      "address": "377 Washington Road, Sayreville, NJ 08872",
      "phone": "+1 732-257-6677",
      "email": "",
      "website": "https://barrysautomotive.business.site/",
      "hours": "Mo-Fr 08:00-17:30; Sa 08:00-14:00",
      "rating": null,
      "review_count": null,
      "claimed": false,
      "featured": false
    },
    {
      "name": "C & H Auto Repair LLC",
      "category": "Auto Repair",
      "address": "253 Kath Street, Sayreville, NJ 08879",
      "phone": "+1 732-721-0886",
      "email": "",
      "website": "https://www.candhautorepair.net/",
      "hours": "",
      "rating": null,
      "review_count": null,
      "claimed": false,
      "featured": false
    },
    {
      "name": "Eric's Premier Auto Center",
      "category": "Auto Repair",
      "address": "115 MacArthur Avenue, Sayreville, NJ 08872",
      "phone": "+1 732-238-8585",
      "email": "",
      "website": "",
      "hours": "",
      "rating": null,
      "review_count": null,
      "claimed": false,
      "featured": false
    },
    {
      "name": "Frank's Service Station",
      "category": "Auto Repair",
      "address": "Sayreville, NJ",
      "phone": "+1 732-254-7510",
      "email": "",
      "website": "",
      "hours": "",
      "rating": null,
      "review_count": null,
      "claimed": false,
      "featured": false
    },
    {
      "name": "George's Auto & Truck Repair",
      "category": "Auto Repair",
      "address": "507 Washington Road, Sayreville, NJ 08872",
      "phone": "+1 732-238-9788",
      "email": "",
      "website": "",
      "hours": "",
      "rating": null,
      "review_count": null,
      "claimed": false,
      "featured": false
    },
    {
      "name": "Heavenly Bodyworks",
      "category": "Auto Repair",
      "address": "8 Elizabeth Avenue, Sayreville, NJ 08872",
      "phone": "+1 732-613-1000",
      "email": "",
      "website": "",
      "hours": "",
      "rating": null,
      "review_count": null,
      "claimed": false,
      "featured": false
    },
    {
      "name": "International Auto Repair",
      "category": "Auto Repair",
      "address": "146 Washington Road, Sayreville, NJ 08872",
      "phone": "+1-732-651-4114",
      "email": "",
      "website": "",
      "hours": "",
      "rating": null,
      "review_count": null,
      "claimed": false,
      "featured": false
    },
    {
      "name": "J&P Gas Garage Towing",
      "category": "Auto Repair",
      "address": "3340 Washington Road, Sayreville, NJ 08859",
      "phone": "",
      "email": "",
      "website": "",
      "hours": "",
      "rating": null,
      "review_count": null,
      "claimed": false,
      "featured": false
    },
    {
      "name": "Junilan's Garage Inc.",
      "category": "Auto Repair",
      "address": "919 US 9 North, Sayreville, NJ 08879",
      "phone": "+1 732-721-2900",
      "email": "",
      "website": "https://julianstowing.com",
      "hours": "Mo-Sa 09:00-17:00",
      "rating": null,
      "review_count": null,
      "claimed": false,
      "featured": false
    },
    {
      "name": "Lube One",
      "category": "Auto Repair",
      "address": "471 Washington Road, Sayreville, NJ 08872",
      "phone": "+1 732-238-8870",
      "email": "",
      "website": "http://www.lubeoneauto.com/",
      "hours": "Mo-Sa 09:00-17:00; Su closed",
      "rating": null,
      "review_count": null,
      "claimed": false,
      "featured": false
    },
    {
      "name": "Oasis Auto Body",
      "category": "Auto Repair",
      "address": "919 US 9 North, Sayreville, NJ 08879",
      "phone": "+1 732-721-1211",
      "email": "",
      "website": "",
      "hours": "",
      "rating": null,
      "review_count": null,
      "claimed": false,
      "featured": false
    },
    {
      "name": "Posh Car Wash and Express Care",
      "category": "Auto Repair",
      "address": "932 US 9 South, Sayreville, NJ 08879",
      "phone": "",
      "email": "",
      "website": "",
      "hours": "",
      "rating": null,
      "review_count": null,
      "claimed": false,
      "featured": false
    },
    {
      "name": "Prestige Auto Inc",
      "category": "Auto Repair",
      "address": "118 Washington Road, Sayreville, NJ 08872",
      "phone": "+1-732-254-9745",
      "email": "",
      "website": "https://www.prestigeautonj.com/",
      "hours": "",
      "rating": null,
      "review_count": null,
      "claimed": false,
      "featured": false
    },
    {
      "name": "Punjab Auto Repair",
      "category": "Auto Repair",
      "address": "976 US 9, Sayreville, NJ 08879",
      "phone": "+1 732-727-6800",
      "email": "",
      "website": "https://punjab-auto-repair.edan.io/",
      "hours": "",
      "rating": null,
      "review_count": null,
      "claimed": false,
      "featured": false
    },
    {
      "name": "Ron & Jan's Tire & Auto Center",
      "category": "Auto Repair",
      "address": "20 Washington Road, Sayreville, NJ 08872",
      "phone": "",
      "email": "",
      "website": "",
      "hours": "",
      "rating": null,
      "review_count": null,
      "claimed": false,
      "featured": false
    },
    {
      "name": "Sayreville Auto Body",
      "category": "Auto Repair",
      "address": "276 Washington Road, Sayreville, NJ 08872",
      "phone": "",
      "email": "",
      "website": "",
      "hours": "",
      "rating": null,
      "review_count": null,
      "claimed": false,
      "featured": false
    },
    {
      "name": "Sayreville Tires & Auto Repair",
      "category": "Auto Repair",
      "address": "205 Washington Road, Sayreville, NJ 08872",
      "phone": "+1 908-887-4175",
      "email": "",
      "website": "",
      "hours": "",
      "rating": null,
      "review_count": null,
      "claimed": false,
      "featured": false
    },
    {
      "name": "Son's A-1 Collision",
      "category": "Auto Repair",
      "address": "236 Main Street, Sayreville, NJ 08872",
      "phone": "+1 732-254-8282",
      "email": "",
      "website": "https://www.sonscollision.com/",
      "hours": "",
      "rating": null,
      "review_count": null,
      "claimed": false,
      "featured": false
    },
    {
      "name": "Thrust Performance",
      "category": "Auto Repair",
      "address": "928 US 9 South, Sayreville, NJ 08879",
      "phone": "",
      "email": "",
      "website": "",
      "hours": "",
      "rating": null,
      "review_count": null,
      "claimed": false,
      "featured": false
    },
    {
      "name": "Transmaster, LLC",
      "category": "Auto Repair",
      "address": "917 US 9 North, Sayreville, NJ 08879",
      "phone": "+1 732-952-3565",
      "email": "",
      "website": "https://transmaster-llc.business.site",
      "hours": "Mo-Fr 08:00-17:30; Sa 08:00-13:00",
      "rating": null,
      "review_count": null,
      "claimed": false,
      "featured": false
    },
    {
      "name": "Carlo's Bakery",
      "category": "Bakery",
      "address": "Sayreville, NJ",
      "phone": "",
      "email": "",
      "website": "",
      "hours": "24/7",
      "rating": null,
      "review_count": null,
      "claimed": false,
      "featured": false
    },
    {
      "name": "Amboy Bank",
      "category": "Bank",
      "address": "412 Washington Road, Sayreville, NJ 08872",
      "phone": "+1 732-238-2811",
      "email": "",
      "website": "https://amboybank.com/branches-atms/sayreville-branch",
      "hours": "Mo-We 09:00-15:00; Th-Fr 09:00-18:00; Sa 09:00-13:00; PH off",
      "rating": null,
      "review_count": null,
      "claimed": false,
      "featured": false
    },
    {
      "name": "Chase",
      "category": "Bank",
      "address": "7 Ernston Road, Sayreville, NJ 08859",
      "phone": "+1 732-313-4154",
      "email": "",
      "website": "",
      "hours": "Mo-Fr 09:00-17:00",
      "rating": null,
      "review_count": null,
      "claimed": false,
      "featured": false
    },
    {
      "name": "Garden State Community Bank",
      "category": "Bank",
      "address": "77 Main Street, Sayreville, NJ 08872",
      "phone": "+1 732-254-3600",
      "email": "",
      "website": "https://www.mynycb.com/",
      "hours": "",
      "rating": null,
      "review_count": null,
      "claimed": false,
      "featured": false
    },
    {
      "name": "Parlin DuPont Employees Federal Credit Union",
      "category": "Bank",
      "address": "389 Washington Road, Sayreville, NJ 08872",
      "phone": "+1 732-254-7573",
      "email": "",
      "website": "https://parlindupontefcu.com/",
      "hours": "",
      "rating": null,
      "review_count": null,
      "claimed": false,
      "featured": false
    },
    {
      "name": "PNC Bank",
      "category": "Bank",
      "address": "1933 Bordentown Avenue, Sayreville, NJ 08859",
      "phone": "",
      "email": "",
      "website": "",
      "hours": "Mo-Fr 09:00-18:00; Sa 09:00-13:00",
      "rating": null,
      "review_count": null,
      "claimed": false,
      "featured": false
    },
    {
      "name": "Raritan Bay Federal Credit Union",
      "category": "Bank",
      "address": "Sayreville, NJ",
      "phone": "",
      "email": "",
      "website": "",
      "hours": "",
      "rating": null,
      "review_count": null,
      "claimed": false,
      "featured": false
    },
    {
      "name": "Rartan Bay Federal Credit Union",
      "category": "Bank",
      "address": "491 Raritan Street, Sayreville, NJ 08872",
      "phone": "+1 732-727-3500",
      "email": "",
      "website": "https://www.rbfcu.coop/",
      "hours": "Mo-We 08:00-17:00; Th-Fr 08:00-18:00; Sa 08:00-13:00",
      "rating": null,
      "review_count": null,
      "claimed": false,
      "featured": false
    },
    {
      "name": "Santander",
      "category": "Bank",
      "address": "920 US 9, Sayreville, NJ 08879",
      "phone": "+1 732-721-5200",
      "email": "",
      "website": "https://locations.santanderbank.com/nj/southamboy/920-route-9-223.html",
      "hours": "Tu-Th 09:00-17:00; Fr 09:00-18:00; Sa 09:00-13:00; Su-Mo closed; PH closed || 24/7 \"atm open\"",
      "rating": null,
      "review_count": null,
      "claimed": false,
      "featured": false
    },
    {
      "name": "Brick House Bar & Grill",
      "category": "Bar",
      "address": "287 Washington Road, Sayreville, NJ 08872",
      "phone": "+1 732-254-8899",
      "email": "TheBHGeneral@gmail.com",
      "website": "https://brickhousesayreville.com",
      "hours": "Mo-Su 12:00-02:00",
      "rating": null,
      "review_count": null,
      "claimed": false,
      "featured": false
    },
    {
      "name": "Last Call",
      "category": "Bar",
      "address": "219 Washington Road, Sayreville, NJ 08872",
      "phone": "+1 732-416-6811",
      "email": "",
      "website": "",
      "hours": "",
      "rating": null,
      "review_count": null,
      "claimed": false,
      "featured": false
    },
    {
      "name": "Tap and Growler Bar & Grill",
      "category": "Bar",
      "address": "361 Main Street, Sayreville, NJ 08872",
      "phone": "",
      "email": "",
      "website": "https://www.tapandgrowlerbar.com/",
      "hours": "Mo-Th 14:00-20:00; Fr 14:00-22:00; Sa 13:00-22:00; Su 13:00-20:00",
      "rating": null,
      "review_count": null,
      "claimed": false,
      "featured": false
    },
    {
      "name": "The 404 Bar",
      "category": "Bar",
      "address": "404 Washington Road, Sayreville, NJ 08872",
      "phone": "+1-732-416-8126",
      "email": "",
      "website": "",
      "hours": "",
      "rating": null,
      "review_count": null,
      "claimed": false,
      "featured": false
    },
    {
      "name": "Bebe Nail & Spa",
      "category": "Beauty Salon",
      "address": "881 Main Street, Sayreville, NJ 08872",
      "phone": "+1 732-654-5286",
      "email": "",
      "website": "",
      "hours": "Tu-Fr 09:30-19:00; Sa 09:00-18:00; Su 09:30-16:00; Mo closed",
      "rating": null,
      "review_count": null,
      "claimed": false,
      "featured": false
    },
    {
      "name": "Happy Nails",
      "category": "Beauty Salon",
      "address": "20 Jernee Mill Road, Sayreville, NJ 08872",
      "phone": "+1 732-257-6000",
      "email": "",
      "website": "",
      "hours": "Mo-Sa 9:30-19:30; Su 10:00-16:00",
      "rating": null,
      "review_count": null,
      "claimed": false,
      "featured": false
    },
    {
      "name": "Huma Beauty Salon",
      "category": "Beauty Salon",
      "address": "777 Washington Road, Sayreville, NJ 08859",
      "phone": "+1 732-523-4862",
      "email": "humabeautysalon@yahoo.com",
      "website": "https://www.humabeautysalon.com/",
      "hours": "Tu-Sa 10:00-18:00; Su-Mo closed",
      "rating": null,
      "review_count": null,
      "claimed": false,
      "featured": false
    },
    {
      "name": "Kair Salon",
      "category": "Beauty Salon",
      "address": "574 Main Street, Sayreville, NJ 08872",
      "phone": "+1 732-390-7773",
      "email": "",
      "website": "",
      "hours": "",
      "rating": null,
      "review_count": null,
      "claimed": false,
      "featured": false
    },
    {
      "name": "Lash & Beauty",
      "category": "Beauty Salon",
      "address": "881 Main Street, Sayreville, NJ 08872",
      "phone": "+1-848-218-1830",
      "email": "lashbeautylounge@gmail.com",
      "website": "https://www.lashbeautyloungenj.com/",
      "hours": "Tu-Th 09:00-20:00; Fr-Sa 09:00-17:00",
      "rating": null,
      "review_count": null,
      "claimed": false,
      "featured": false
    },
    {
      "name": "Lash & Beauty Lounge",
      "category": "Beauty Salon",
      "address": "152 Main Street, Sayreville, NJ 08872",
      "phone": "+1 848-218-1830",
      "email": "",
      "website": "https://www.lashbeautyloungenj.com/",
      "hours": "",
      "rating": null,
      "review_count": null,
      "claimed": false,
      "featured": false
    },
    {
      "name": "Miracle Beauty Salon",
      "category": "Beauty Salon",
      "address": "389 Washington Road, Sayreville, NJ 08872",
      "phone": "",
      "email": "",
      "website": "",
      "hours": "",
      "rating": null,
      "review_count": null,
      "claimed": false,
      "featured": false
    },
    {
      "name": "Parlin Nails Spa",
      "category": "Beauty Salon",
      "address": "2909 Washington Road, Sayreville, NJ 08859",
      "phone": "+1 732-525-0070",
      "email": "",
      "website": "",
      "hours": "",
      "rating": null,
      "review_count": null,
      "claimed": false,
      "featured": false
    },
    {
      "name": "Shadow Nails",
      "category": "Beauty Salon",
      "address": "777 Washington Road, Sayreville, NJ 08859",
      "phone": "+1 732-651-6333",
      "email": "",
      "website": "https://www.shadownails.com",
      "hours": "Mo-Sa 09:00-19:00; Su 10:00-16:00",
      "rating": null,
      "review_count": null,
      "claimed": false,
      "featured": false
    },
    {
      "name": "Star Nails",
      "category": "Beauty Salon",
      "address": "960 US 9, Sayreville, NJ 08879",
      "phone": "+1 732-316-0166",
      "email": "",
      "website": "https://star-nails-south-amboy.edan.io/",
      "hours": "",
      "rating": null,
      "review_count": null,
      "claimed": false,
      "featured": false
    },
    {
      "name": "Sunflower Spa Inc.",
      "category": "Beauty Salon",
      "address": "984 US 9, Sayreville, NJ 08859",
      "phone": "+1 732-727-1455",
      "email": "",
      "website": "",
      "hours": "",
      "rating": null,
      "review_count": null,
      "claimed": false,
      "featured": false
    },
    {
      "name": "Sunny Nails",
      "category": "Beauty Salon",
      "address": "309 Main Street, Sayreville, NJ 08872",
      "phone": "+1 732-254-2287",
      "email": "",
      "website": "",
      "hours": "Mo-Fr 09:30-19:00; Sa 09:00-18:00; Su closed",
      "rating": null,
      "review_count": null,
      "claimed": false,
      "featured": false
    },
    {
      "name": "VP Nail Salon",
      "category": "Beauty Salon",
      "address": "521 Raritan Street, Sayreville, NJ 08872",
      "phone": "+1 732-721-2020",
      "email": "",
      "website": "",
      "hours": "Mo-Fr 09:30-19:30; Sa 09:00-19:00; Su closed",
      "rating": null,
      "review_count": null,
      "claimed": false,
      "featured": false
    },
    {
      "name": "Manual Man",
      "category": "Bookstore",
      "address": "27 Walling Street, Sayreville, NJ 08872",
      "phone": "+1-732-238-8964",
      "email": "",
      "website": "http://www.manualman.com/",
      "hours": "",
      "rating": null,
      "review_count": null,
      "claimed": false,
      "featured": false
    },
    {
      "name": "Batth Trucking",
      "category": "Business",
      "address": "3145 Bordentown Avenue, Sayreville, NJ 08859",
      "phone": "+1-866-622-2884",
      "email": "",
      "website": "https://batthtrucking.com/",
      "hours": "Mo-Fr 08:00-18:00",
      "rating": null,
      "review_count": null,
      "claimed": false,
      "featured": false
    },
    {
      "name": "JCP Glass Works",
      "category": "Business",
      "address": "3145 Bordentown Avenue, Sayreville, NJ 08859",
      "phone": "+1 908-487-4787",
      "email": "",
      "website": "https://jcpglass.com/",
      "hours": "Mo-Fr 08:30-17:00",
      "rating": null,
      "review_count": null,
      "claimed": false,
      "featured": false
    },
    {
      "name": "Sayreville Office on Aging",
      "category": "Business",
      "address": "423 Main Street, Sayreville, NJ 08872",
      "phone": "+1 732-390-7058",
      "email": "jkrushinski@sayreville.com",
      "website": "http://www.sayreville.com/Cit-e-Access/webpage.cfm?TID=87&TPID=8775",
      "hours": "Mo-Fr 08:00-16:00",
      "rating": null,
      "review_count": null,
      "claimed": false,
      "featured": false
    },
    {
      "name": "SWMHS Main Office",
      "category": "Business",
      "address": "820 Washington Road, Sayreville, NJ 08859",
      "phone": "",
      "email": "",
      "website": "",
      "hours": "",
      "rating": null,
      "review_count": null,
      "claimed": false,
      "featured": false
    },
    {
      "name": "Bagel 1",
      "category": "Cafe",
      "address": "777 Washington Road, Sayreville, NJ 08859",
      "phone": "+1 732-613-1100",
      "email": "",
      "website": "http://places.singleplatform.com/bagel-1-2/menu?ref=google",
      "hours": "Mo-Su 05:00-15:00",
      "rating": null,
      "review_count": null,
      "claimed": false,
      "featured": false
    },
    {
      "name": "Starbucks",
      "category": "Cafe",
      "address": "Sayreville, NJ",
      "phone": "",
      "email": "",
      "website": "https://www.starbucks.com/store-locator/store/13003/nj-gs-parkway-jon-bon-jovi-pla-garden-state-parkway-mile-post-124-po-box-307-sout",
      "hours": "",
      "rating": null,
      "review_count": null,
      "claimed": false,
      "featured": false
    },
    {
      "name": "Starbucks",
      "category": "Cafe",
      "address": "957 US 9, Sayreville, NJ 08879",
      "phone": "+1 732-727-1837",
      "email": "",
      "website": "https://www.starbucks.com/store-locator/store/1008736/sayreville-nj-957-route-9-n-south-amboy-nj-088793302-us",
      "hours": "",
      "rating": null,
      "review_count": null,
      "claimed": false,
      "featured": false
    },
    {
      "name": "Best Choice Auto Sales",
      "category": "Car Dealership",
      "address": "399 Washington Road, Sayreville, NJ 08872",
      "phone": "+1-732-724-1729",
      "email": "",
      "website": "https://www.bestchoiceautosales.net/",
      "hours": "",
      "rating": null,
      "review_count": null,
      "claimed": false,
      "featured": false
    },
    {
      "name": "Torch Light Inc.",
      "category": "Car Dealership",
      "address": "916 US 9 South, Sayreville, NJ 08859",
      "phone": "+1 732-721-9009",
      "email": "",
      "website": "https://www.torchlightmotors.com/",
      "hours": "",
      "rating": null,
      "review_count": null,
      "claimed": false,
      "featured": false
    },
    {
      "name": "Raritan Car Wash",
      "category": "Car Wash",
      "address": "497 Raritan Street, Sayreville, NJ 08872",
      "phone": "",
      "email": "",
      "website": "",
      "hours": "Mo-Su 08:00-18:00",
      "rating": null,
      "review_count": null,
      "claimed": false,
      "featured": false
    },
    {
      "name": "Sunny Days Car Wash",
      "category": "Car Wash",
      "address": "3115 Bordentown Avenue, Sayreville, NJ 08859",
      "phone": "",
      "email": "",
      "website": "",
      "hours": "",
      "rating": null,
      "review_count": null,
      "claimed": false,
      "featured": false
    },
    {
      "name": "Cardio Medical and Vein Center",
      "category": "Clinic",
      "address": "75 Main Street, Sayreville, NJ 08872",
      "phone": "+1 732-238-3773",
      "email": "",
      "website": "http://www.cardiomvc.com/",
      "hours": "",
      "rating": null,
      "review_count": null,
      "claimed": false,
      "featured": false
    },
    {
      "name": "DaVita Dialysis",
      "category": "Clinic",
      "address": "2909 Washington Road, Sayreville, NJ 08859",
      "phone": "+1-866-544-6741",
      "email": "",
      "website": "",
      "hours": "",
      "rating": null,
      "review_count": null,
      "claimed": false,
      "featured": false
    },
    {
      "name": "Kessler Rehabiltation Center",
      "category": "Clinic",
      "address": "2909 Washington Road, Sayreville, NJ 08859",
      "phone": "+1 732-525-0123",
      "email": "",
      "website": "https://www.kesslerrehabilitationcenter.com/contact/find-a-location/nj/parlin/parlin/",
      "hours": "Mo 09:00-19:00; Tu 08:00-15:00; We-Th 08:00-19:00; Fr 08:00-15:00; Sa closed, Su closed",
      "rating": null,
      "review_count": null,
      "claimed": false,
      "featured": false
    },
    {
      "name": "Dupont Corporate Offices",
      "category": "Company",
      "address": "249 Cheesequake Road, Sayreville, NJ 08859",
      "phone": "",
      "email": "",
      "website": "",
      "hours": "",
      "rating": null,
      "review_count": null,
      "claimed": false,
      "featured": false
    },
    {
      "name": "Riverton Project Office",
      "category": "Company",
      "address": "Sayreville, NJ",
      "phone": "",
      "email": "",
      "website": "",
      "hours": "",
      "rating": null,
      "review_count": null,
      "claimed": false,
      "featured": false
    },
    {
      "name": "Long Finch Technologies",
      "category": "Consulting",
      "address": "924 US 9 South, Sayreville, NJ 08879",
      "phone": "+1 908-275-1100",
      "email": "",
      "website": "https://longfinch.com",
      "hours": "Mo-Fr 09:30-17:00; Sa-Su closed",
      "rating": null,
      "review_count": null,
      "claimed": false,
      "featured": false
    },
    {
      "name": "National Marine Consultant Inc.",
      "category": "Consulting",
      "address": "236 Ernston Road, Sayreville, NJ 08859",
      "phone": "+1 732-553-9210",
      "email": "",
      "website": "https://nmcigroup.com",
      "hours": "Mo-Fr 09:00-17:00",
      "rating": null,
      "review_count": null,
      "claimed": false,
      "featured": false
    },
    {
      "name": "EZ-Chek Food Store",
      "category": "Convenience Store",
      "address": "80 Main Street, Sayreville, NJ 08872",
      "phone": "+1 732-416-8461",
      "email": "",
      "website": "https://ez-check-food-store.business.site/",
      "hours": "Mo-Su 05:00-22:00",
      "rating": null,
      "review_count": null,
      "claimed": false,
      "featured": false
    },
    {
      "name": "Food Mart",
      "category": "Convenience Store",
      "address": "Sayreville, NJ",
      "phone": "",
      "email": "",
      "website": "",
      "hours": "",
      "rating": null,
      "review_count": null,
      "claimed": false,
      "featured": false
    },
    {
      "name": "Krauszer's Food Store",
      "category": "Convenience Store",
      "address": "309 Main Street, Sayreville, NJ 08872",
      "phone": "+1 732-525-9228",
      "email": "",
      "website": "",
      "hours": "Mo-Sa 06:00-21:00; Su 06:00-20:00",
      "rating": null,
      "review_count": null,
      "claimed": false,
      "featured": false
    },
    {
      "name": "Krauszers Food Store",
      "category": "Convenience Store",
      "address": "3193 Washington Road, Sayreville, NJ 08859",
      "phone": "+1 732-525-9228",
      "email": "",
      "website": "",
      "hours": "",
      "rating": null,
      "review_count": null,
      "claimed": false,
      "featured": false
    },
    {
      "name": "Polish Specialties",
      "category": "Convenience Store",
      "address": "309 Main Street, Sayreville, NJ 08872",
      "phone": "+1 732-925-0296",
      "email": "",
      "website": "",
      "hours": "Mo-Fr 10:00-18:00; Sa 09:00-17:00; Su 10:00-14:00",
      "rating": null,
      "review_count": null,
      "claimed": false,
      "featured": false
    },
    {
      "name": "Quick Dairy & Grocery",
      "category": "Convenience Store",
      "address": "4500 Bordentown Avenue, Sayreville, NJ 08872",
      "phone": "+1 732-238-6004",
      "email": "",
      "website": "",
      "hours": "Mo-Th 06:30-22:30; Fr-Sa 06:30-23:00",
      "rating": null,
      "review_count": null,
      "claimed": false,
      "featured": false
    },
    {
      "name": "Quick Mart Pharmacy & Convenience",
      "category": "Convenience Store",
      "address": "777 Washington Road, Sayreville, NJ 08859",
      "phone": "+1 732-238-4022",
      "email": "",
      "website": "",
      "hours": "Mo-Su 4:30-23:00",
      "rating": null,
      "review_count": null,
      "claimed": false,
      "featured": false
    },
    {
      "name": "QuickChek",
      "category": "Convenience Store",
      "address": "881 Main Street, Sayreville, NJ 08872",
      "phone": "+1 732-721-9712",
      "email": "",
      "website": "",
      "hours": "24/7",
      "rating": null,
      "review_count": null,
      "claimed": false,
      "featured": false
    },
    {
      "name": "Speedway",
      "category": "Convenience Store",
      "address": "974 US 9 South, Sayreville, NJ 08879",
      "phone": "+1 732-721-7642",
      "email": "",
      "website": "https://www.speedway.com/locations/NJ/South-Amboy/974-US-Highway-9",
      "hours": "24/7",
      "rating": null,
      "review_count": null,
      "claimed": false,
      "featured": false
    },
    {
      "name": "Stop N Go",
      "category": "Convenience Store",
      "address": "176 Pulaski Avenue, Sayreville, NJ 08872",
      "phone": "+1 732-698-0076",
      "email": "",
      "website": "",
      "hours": "",
      "rating": null,
      "review_count": null,
      "claimed": false,
      "featured": false
    },
    {
      "name": "Tiger Mart",
      "category": "Convenience Store",
      "address": "912 US 9 South, Sayreville, NJ 08859",
      "phone": "",
      "email": "",
      "website": "",
      "hours": "",
      "rating": null,
      "review_count": null,
      "claimed": false,
      "featured": false
    },
    {
      "name": "Wawa",
      "category": "Convenience Store",
      "address": "969 U.S. Route 9 North, Sayreville, NJ 08879",
      "phone": "+17322851112",
      "email": "",
      "website": "",
      "hours": "24/7",
      "rating": null,
      "review_count": null,
      "claimed": false,
      "featured": false
    },
    {
      "name": "Wawa",
      "category": "Convenience Store",
      "address": "Sayreville, NJ",
      "phone": "",
      "email": "",
      "website": "",
      "hours": "24/7",
      "rating": null,
      "review_count": null,
      "claimed": false,
      "featured": false
    },
    {
      "name": "Copy Shop Repo and Supply Center",
      "category": "Copyshop",
      "address": "921 US 9 North, Sayreville, NJ 08879",
      "phone": "+1 732-721-5700",
      "email": "",
      "website": "",
      "hours": "",
      "rating": null,
      "review_count": null,
      "claimed": false,
      "featured": false
    },
    {
      "name": "Carlin-Simpson Associates",
      "category": "Counselling",
      "address": "61 Main Street, Sayreville, NJ 08872",
      "phone": "+1 732-432-5757",
      "email": "",
      "website": "https://www.carlinsimpson.com/",
      "hours": "",
      "rating": null,
      "review_count": null,
      "claimed": false,
      "featured": false
    },
    {
      "name": "Nowicki Landscaping",
      "category": "Counselling",
      "address": "14 Krumb Street, Sayreville, NJ 08872",
      "phone": "+1 732-254-4367",
      "email": "",
      "website": "",
      "hours": "",
      "rating": null,
      "review_count": null,
      "claimed": false,
      "featured": false
    },
    {
      "name": "Deli Plus",
      "category": "Deli",
      "address": "354 Main Street, Sayreville, NJ 08872",
      "phone": "",
      "email": "",
      "website": "https://deliplusnj.com/sayreville",
      "hours": "Mo-Fr 05:00-03:00; Sa 06:00-03:00; Su 07:00-02:00",
      "rating": null,
      "review_count": null,
      "claimed": false,
      "featured": false
    },
    {
      "name": "Garden State Deli and Catering",
      "category": "Deli",
      "address": "165 Pulaski Avenue, Sayreville, NJ 08872",
      "phone": "+1 732-967-6000",
      "email": "gardenstatedeli@gmail.com",
      "website": "https://www.gardenstatedeli.net/",
      "hours": "Mo closed; Tu-Fr 08:30-18:00; Sa 08:30-15:00; Su closed",
      "rating": null,
      "review_count": null,
      "claimed": false,
      "featured": false
    },
    {
      "name": "Margarita's Deli",
      "category": "Deli",
      "address": "3121 Bordentown Avenue, Sayreville, NJ 08859",
      "phone": "",
      "email": "",
      "website": "",
      "hours": "",
      "rating": null,
      "review_count": null,
      "claimed": false,
      "featured": false
    },
    {
      "name": "Quick Deli",
      "category": "Deli",
      "address": "4500 Bordentown Avenue, Sayreville, NJ 08872",
      "phone": "+1 732-677-9569",
      "email": "",
      "website": "",
      "hours": "Mo-Sa 07:00-15:00; Su closed",
      "rating": null,
      "review_count": null,
      "claimed": false,
      "featured": false
    },
    {
      "name": "Apex Dental",
      "category": "Dentist",
      "address": "238 Ernston Road, Sayreville, NJ 08859",
      "phone": "+1 732-553-1313",
      "email": "",
      "website": "https://apexdentalhealth.com",
      "hours": "Mo-Sa 10:00-18:00",
      "rating": null,
      "review_count": null,
      "claimed": false,
      "featured": false
    },
    {
      "name": "Sayreville Dental",
      "category": "Dentist",
      "address": "161 Washington Road, Sayreville, NJ 08872",
      "phone": "+1 732-257-9300",
      "email": "",
      "website": "https://www.sayrevilledental.com/?utm_source=Website&utm_medium=GMB",
      "hours": "",
      "rating": null,
      "review_count": null,
      "claimed": false,
      "featured": false
    },
    {
      "name": "Sayreville Dental Studio",
      "category": "Dentist",
      "address": "190 Pulaski Avenue, Sayreville, NJ 08872",
      "phone": "+1 732-967-3814",
      "email": "",
      "website": "https://sayrevilledentalstudio.com/",
      "hours": "",
      "rating": null,
      "review_count": null,
      "claimed": false,
      "featured": false
    },
    {
      "name": "Smiling Faces Dental",
      "category": "Dentist",
      "address": "777 Washington Road, Sayreville, NJ 08859",
      "phone": "+1 732-257-2000",
      "email": "",
      "website": "https://www.smilingfacesdental.com",
      "hours": "Mo-Th 09:00-19:00",
      "rating": null,
      "review_count": null,
      "claimed": false,
      "featured": false
    },
    {
      "name": "Main Cleaners",
      "category": "Dry Cleaning",
      "address": "69 Main Street, Sayreville, NJ 08872",
      "phone": "+1 732-238-9046",
      "email": "",
      "website": "",
      "hours": "",
      "rating": null,
      "review_count": null,
      "claimed": false,
      "featured": false
    },
    {
      "name": "Robert's Cleaners",
      "category": "Dry Cleaning",
      "address": "881 Main Street, Sayreville, NJ 08872",
      "phone": "+1 732-525-2660",
      "email": "",
      "website": "",
      "hours": "Mo 07:00-16:00; Tu 07:00-15:00, 17:00-19:00; We 07:00-16:00; Th 07:00-15:00, 17:00-19:00; Fr 07:00-16:00; Sa 08:00-15:00",
      "rating": null,
      "review_count": null,
      "claimed": false,
      "featured": false
    },
    {
      "name": "Sayreville Plaza Dry Cleaners",
      "category": "Dry Cleaning",
      "address": "960 US 9, Sayreville, NJ 08879",
      "phone": "+1 732-727-3455",
      "email": "",
      "website": "",
      "hours": "",
      "rating": null,
      "review_count": null,
      "claimed": false,
      "featured": false
    },
    {
      "name": "Optimum",
      "category": "Electrical",
      "address": "2909 Washington Road, Sayreville, NJ 08859",
      "phone": "+1-877-393-4448",
      "email": "",
      "website": "",
      "hours": "Mo-Sa 09:00-18:00; Su 12:00-17:00",
      "rating": null,
      "review_count": null,
      "claimed": false,
      "featured": false
    },
    {
      "name": "CME Associates",
      "category": "Engineer",
      "address": "3141 Bordentown Avenue, Sayreville, NJ 08859",
      "phone": "+1 732-727-8000",
      "email": "",
      "website": "https://www.cmeusa1.com/",
      "hours": "",
      "rating": null,
      "review_count": null,
      "claimed": false,
      "featured": false
    },
    {
      "name": "Phoenix Marine",
      "category": "Engineer",
      "address": "449 Washington Road, Sayreville, NJ 08872",
      "phone": "+17323902800",
      "email": "",
      "website": "https://phoenixmarine.com/",
      "hours": "",
      "rating": null,
      "review_count": null,
      "claimed": false,
      "featured": false
    },
    {
      "name": "Auntie Anne's",
      "category": "Fast Food",
      "address": "Sayreville, NJ",
      "phone": "",
      "email": "",
      "website": "",
      "hours": "",
      "rating": null,
      "review_count": null,
      "claimed": false,
      "featured": false
    },
    {
      "name": "Big Wally's Subs",
      "category": "Fast Food",
      "address": "3322 Washington Road, Sayreville, NJ 08859",
      "phone": "+1 732-721-9414",
      "email": "",
      "website": "https://www.bigwallysnj.com/menu",
      "hours": "Mo-Su 09:00-16:00",
      "rating": null,
      "review_count": null,
      "claimed": false,
      "featured": false
    },
    {
      "name": "Buenos Tacos",
      "category": "Fast Food",
      "address": "976 US 9, Sayreville, NJ 08859",
      "phone": "+1 732-952-5885",
      "email": "",
      "website": "https://www.buenostacos.com/",
      "hours": "",
      "rating": null,
      "review_count": null,
      "claimed": false,
      "featured": false
    },
    {
      "name": "Burger King",
      "category": "Fast Food",
      "address": "Sayreville, NJ",
      "phone": "",
      "email": "",
      "website": "",
      "hours": "",
      "rating": null,
      "review_count": null,
      "claimed": false,
      "featured": false
    },
    {
      "name": "Burger King",
      "category": "Fast Food",
      "address": "940 US 9 South, Sayreville, NJ 08879",
      "phone": "+1 732-721-9728",
      "email": "",
      "website": "https://www.bk.com/store-locator/store/restaurant_4215",
      "hours": "Mo-Su 06:00-00:00",
      "rating": null,
      "review_count": null,
      "claimed": false,
      "featured": false
    },
    {
      "name": "Dairy Queen",
      "category": "Fast Food",
      "address": "982 US Highway 9, Sayreville, NJ 08879",
      "phone": "+1 732-721-3099",
      "email": "",
      "website": "https://www.dairyqueen.com/locations/nj/south-amboy/982-us-highway-9/5120",
      "hours": "11:30-23:00",
      "rating": null,
      "review_count": null,
      "claimed": false,
      "featured": false
    },
    {
      "name": "Deli Plus",
      "category": "Fast Food",
      "address": "388 Washington Road, Sayreville, NJ 08872",
      "phone": "+1-732-387-0817",
      "email": "",
      "website": "https://deliplusnj.com/washington",
      "hours": "Mo-Fr 05:00-19:00; Sa 06:00-17:00; Su 07:00-16:00",
      "rating": null,
      "review_count": null,
      "claimed": false,
      "featured": false
    },
    {
      "name": "Domino's",
      "category": "Fast Food",
      "address": "102 Main Street, Sayreville, NJ 08872",
      "phone": "+1 732-613-4200",
      "email": "",
      "website": "https://pizza.dominos.com/new-jersey/sayreville/102-main-st",
      "hours": "Mo-Su 10:30-02:00",
      "rating": null,
      "review_count": null,
      "claimed": false,
      "featured": false
    },
    {
      "name": "Dunkin'",
      "category": "Fast Food",
      "address": "528 Raritan Street, Sayreville, NJ 08872",
      "phone": "+1 732-525-1600",
      "email": "",
      "website": "https://locations.dunkindonuts.com/en/nj/sayreville/528-raritan-st/304375",
      "hours": "Mo-Sa 04:00-22:00; Su 05:00-22:00",
      "rating": null,
      "review_count": null,
      "claimed": false,
      "featured": false
    },
    {
      "name": "Dunkin'",
      "category": "Fast Food",
      "address": "4500 Bordentown Avenue, Sayreville, NJ 08872",
      "phone": "+1 732-238-0839",
      "email": "",
      "website": "https://locations.dunkindonuts.com/en/nj/sayreville/4500-bordentown-ave/337080",
      "hours": "05:00-22:00",
      "rating": null,
      "review_count": null,
      "claimed": false,
      "featured": false
    },
    {
      "name": "Jersey Juice Guy",
      "category": "Fast Food",
      "address": "978 US 9, Sayreville, NJ 08859",
      "phone": "",
      "email": "",
      "website": "",
      "hours": "",
      "rating": null,
      "review_count": null,
      "claimed": false,
      "featured": false
    },
    {
      "name": "Manhattan Bagel",
      "category": "Fast Food",
      "address": "881 Main Street, Sayreville, NJ 08872",
      "phone": "+1 732-525-0696",
      "email": "",
      "website": "https://locations.manhattanbagel.com/us/nj/sayreville/881-main-st",
      "hours": "Mo-Su 06:00-14:00",
      "rating": null,
      "review_count": null,
      "claimed": false,
      "featured": false
    },
    {
      "name": "McDonald's",
      "category": "Fast Food",
      "address": "970 US 9 South, Sayreville, NJ 08879",
      "phone": "+17327218040",
      "email": "",
      "website": "https://www.mcdonalds.com/us/en-us/location/nj/south-amboy/970-rt-9/860.html",
      "hours": "24/7",
      "rating": null,
      "review_count": null,
      "claimed": false,
      "featured": false
    },
    {
      "name": "Nathan's",
      "category": "Fast Food",
      "address": "Sayreville, NJ",
      "phone": "",
      "email": "",
      "website": "",
      "hours": "",
      "rating": null,
      "review_count": null,
      "claimed": false,
      "featured": false
    },
    {
      "name": "Sbarro",
      "category": "Fast Food",
      "address": "Sayreville, NJ",
      "phone": "",
      "email": "",
      "website": "",
      "hours": "",
      "rating": null,
      "review_count": null,
      "claimed": false,
      "featured": false
    },
    {
      "name": "Taco Bell",
      "category": "Fast Food",
      "address": "981 Highway 9, Sayreville, NJ 08879",
      "phone": "+1 732-727-3878",
      "email": "",
      "website": "https://locations.tacobell.com/nj/south-amboy/981-us-highway-9.html",
      "hours": "Mo,We,Th,Su 8:00-0:00; Tu 8:00-22:00; Fr, Sa 8:00-1:00",
      "rating": null,
      "review_count": null,
      "claimed": false,
      "featured": false
    },
    {
      "name": "Saltywater Tackle",
      "category": "Fishing",
      "address": "286 Washington Road, Sayreville, NJ 08872",
      "phone": "+1 732-307-2580",
      "email": "info@saltywatertackle.com",
      "website": "https://www.saltywatertackle.com/",
      "hours": "Mo-Sa 11:00-19:00; Su closed",
      "rating": null,
      "review_count": null,
      "claimed": false,
      "featured": false
    },
    {
      "name": "Floralscapes",
      "category": "Florist",
      "address": "3185 Bordentown Avenue, Sayreville, NJ 08872",
      "phone": "+1 732-525-2006",
      "email": "",
      "website": "http://www.floralscapesnj.com/",
      "hours": "",
      "rating": null,
      "review_count": null,
      "claimed": false,
      "featured": false
    },
    {
      "name": "Sayreville Florist",
      "category": "Florist",
      "address": "12 Main Street, Sayreville, NJ 08872",
      "phone": "",
      "email": "",
      "website": "",
      "hours": "",
      "rating": null,
      "review_count": null,
      "claimed": false,
      "featured": false
    },
    {
      "name": "Caemen Spezzi Funeral Home",
      "category": "Funeral directors",
      "address": "15 Cherry Lane, Sayreville, NJ 08859",
      "phone": "+1 732-721-1290",
      "email": "",
      "website": "httpa://spezzifunealhome.com",
      "hours": "24/7",
      "rating": null,
      "review_count": null,
      "claimed": false,
      "featured": false
    },
    {
      "name": "Maliszewski Memorial Home",
      "category": "Funeral directors",
      "address": "121 Main Street, Sayreville, NJ 08872",
      "phone": "+1 732-254-1428",
      "email": "",
      "website": "https://www.spezzifuneralhome.com/",
      "hours": "",
      "rating": null,
      "review_count": null,
      "claimed": false,
      "featured": false
    },
    {
      "name": "Paak Funeral Home",
      "category": "Funeral directors",
      "address": "341 Washington Road, Sayreville, NJ 08872",
      "phone": "+1 732-387-5155",
      "email": "",
      "website": "https://www.paakfuneral.com/",
      "hours": "24/7",
      "rating": null,
      "review_count": null,
      "claimed": false,
      "featured": false
    },
    {
      "name": "RKD Tree Services of Sayreville",
      "category": "Gardener",
      "address": "21 Hope Drive, Sayreville, NJ 08872",
      "phone": "+1 732-721-7908",
      "email": "",
      "website": "https://sayrevillenjtreeservice.com/",
      "hours": "",
      "rating": null,
      "review_count": null,
      "claimed": false,
      "featured": false
    },
    {
      "name": "Conoco",
      "category": "Gas Station",
      "address": "Sayreville, NJ",
      "phone": "",
      "email": "",
      "website": "https://www.conoco.com/station/CON-J-N-P-GAS-CO-LLC-0000872227/",
      "hours": "",
      "rating": null,
      "review_count": null,
      "claimed": false,
      "featured": false
    },
    {
      "name": "Delta",
      "category": "Gas Station",
      "address": "Sayreville, NJ",
      "phone": "",
      "email": "",
      "website": "",
      "hours": "",
      "rating": null,
      "review_count": null,
      "claimed": false,
      "featured": false
    },
    {
      "name": "Exxon",
      "category": "Gas Station",
      "address": "912 US 9 South, Sayreville, NJ 08859",
      "phone": "",
      "email": "",
      "website": "",
      "hours": "Mo-Su 04:00-26:00",
      "rating": null,
      "review_count": null,
      "claimed": false,
      "featured": false
    },
    {
      "name": "Petro Hub",
      "category": "Gas Station",
      "address": "Sayreville, NJ",
      "phone": "",
      "email": "",
      "website": "",
      "hours": "",
      "rating": null,
      "review_count": null,
      "claimed": false,
      "featured": false
    },
    {
      "name": "Shell",
      "category": "Gas Station",
      "address": "Sayreville, NJ",
      "phone": "",
      "email": "",
      "website": "",
      "hours": "",
      "rating": null,
      "review_count": null,
      "claimed": false,
      "featured": false
    },
    {
      "name": "Speedway",
      "category": "Gas Station",
      "address": "969 US 9 South, Sayreville, NJ 08879",
      "phone": "",
      "email": "",
      "website": "https://www.speedway.com/locations/NJ/South-Amboy/974-US-Highway-9",
      "hours": "24/7",
      "rating": null,
      "review_count": null,
      "claimed": false,
      "featured": false
    },
    {
      "name": "Sunoco",
      "category": "Gas Station",
      "address": "Sayreville, NJ",
      "phone": "+1 732-721-3175",
      "email": "",
      "website": "https://www.sunoco.com/locations/store/garden-st--pky-mp-124-1-south-amboy-nj-0327962700",
      "hours": "24/7",
      "rating": null,
      "review_count": null,
      "claimed": false,
      "featured": false
    },
    {
      "name": "Wawa",
      "category": "Gas Station",
      "address": "969 US 9, Sayreville, NJ 08879",
      "phone": "",
      "email": "",
      "website": "",
      "hours": "",
      "rating": null,
      "review_count": null,
      "claimed": false,
      "featured": false
    },
    {
      "name": "Hair Cuttery",
      "category": "Hair Salon",
      "address": "2909 Washington Road, Sayreville, NJ 08872",
      "phone": "",
      "email": "",
      "website": "",
      "hours": "",
      "rating": null,
      "review_count": null,
      "claimed": false,
      "featured": false
    },
    {
      "name": "Isabella's Hair Salon",
      "category": "Hair Salon",
      "address": "152 Main Street, Sayreville, NJ 08872",
      "phone": "+1 732-952-5475",
      "email": "",
      "website": "",
      "hours": "",
      "rating": null,
      "review_count": null,
      "claimed": false,
      "featured": false
    },
    {
      "name": "Mo's Barber Shop",
      "category": "Hair Salon",
      "address": "3186 Washington Road, Sayreville, NJ 08859",
      "phone": "+1 732-234-6588",
      "email": "",
      "website": "",
      "hours": "Mo-Th 09:00-19:00; Fr 09:00-20:00; Sa 09:00-17:00; Su closed",
      "rating": null,
      "review_count": null,
      "claimed": false,
      "featured": false
    },
    {
      "name": "Salon 107",
      "category": "Hair Salon",
      "address": "107 Main Street, Sayreville, NJ 08872",
      "phone": "+1 732-967-6565",
      "email": "",
      "website": "http://facebook.com/salon107",
      "hours": "",
      "rating": null,
      "review_count": null,
      "claimed": false,
      "featured": false
    },
    {
      "name": "Terry's Barber Shop",
      "category": "Hair Salon",
      "address": "960 U.S. Route 9 South, Sayreville, NJ 08879",
      "phone": "+1 732-727-9726",
      "email": "",
      "website": "http://terrysbarbershop.net/",
      "hours": "Mo-Fr 08:30-18:00; Sa 08:30-16:00; Su 08:30-13:00",
      "rating": null,
      "review_count": null,
      "claimed": false,
      "featured": false
    },
    {
      "name": "Total Hardware & Garden",
      "category": "Hardware Store",
      "address": "5 Fisher Street, Sayreville, NJ 08872",
      "phone": "+1 732-254-2629",
      "email": "info@benjaminmoore.com",
      "website": "https://www.benjaminmoore.com/en-us/store-locator/10011748/total-hardware-and-garden-supply",
      "hours": "Mo-Sa 08:00-17:00; Su 09:00-13:00",
      "rating": null,
      "review_count": null,
      "claimed": false,
      "featured": false
    },
    {
      "name": "Professional Dry Cleaners & Coin Laundry",
      "category": "Laundromat",
      "address": "4500 Bordentown Avenue, Sayreville, NJ 08872",
      "phone": "+1 732-432-9292",
      "email": "",
      "website": "",
      "hours": "Mo-Su 07:00-22:00",
      "rating": null,
      "review_count": null,
      "claimed": false,
      "featured": false
    },
    {
      "name": "Paul De Sarno Esq.",
      "category": "Law Office",
      "address": "207 Washington Road, Sayreville, NJ 08872",
      "phone": "+1 732-238-0404",
      "email": "desarnolaw@gmail.com",
      "website": "http://pauldesarno.com/",
      "hours": "Mo-Fr 09:00-17:00",
      "rating": null,
      "review_count": null,
      "claimed": false,
      "featured": false
    },
    {
      "name": "Tom Hornmek Esq.",
      "category": "Law Office",
      "address": "429 Washington Road, Sayreville, NJ 08872",
      "phone": "+17323870324",
      "email": "",
      "website": "",
      "hours": "",
      "rating": null,
      "review_count": null,
      "claimed": false,
      "featured": false
    },
    {
      "name": "Bridge Discount Liquor",
      "category": "Liquor Store",
      "address": "32 Washington Road, Sayreville, NJ 08872",
      "phone": "+1 732-254-3306",
      "email": "",
      "website": "",
      "hours": "",
      "rating": null,
      "review_count": null,
      "claimed": false,
      "featured": false
    },
    {
      "name": "House of Liquor",
      "category": "Liquor Store",
      "address": "2909 Washington Road, Sayreville, NJ 08859",
      "phone": "+1 732-721-7887",
      "email": "",
      "website": "",
      "hours": "",
      "rating": null,
      "review_count": null,
      "claimed": false,
      "featured": false
    },
    {
      "name": "In Town Tap: Beer, Wine, Liquor",
      "category": "Liquor Store",
      "address": "567 Main Street, Sayreville, NJ 08872",
      "phone": "+1 732-234-3985",
      "email": "",
      "website": "",
      "hours": "Mo-Sa 09:00-22:00; Su 10:00-20:00",
      "rating": null,
      "review_count": null,
      "claimed": false,
      "featured": false
    },
    {
      "name": "Main Street Liquors",
      "category": "Liquor Store",
      "address": "881 Main Street, Sayreville, NJ 08872",
      "phone": "+1 732-553-1776",
      "email": "",
      "website": "",
      "hours": "Mo-Th 09:30-21:00; Fr-Sa 09:30-22:00; Su 09:30-20:30",
      "rating": null,
      "review_count": null,
      "claimed": false,
      "featured": false
    },
    {
      "name": "Plaza Wines & Liquors",
      "category": "Liquor Store",
      "address": "4500 Bordentown Avenue, Sayreville, NJ 08872",
      "phone": "+1 732-432-8382",
      "email": "",
      "website": "",
      "hours": "Mo-Sa 10:00-22:00; Su 09:00-19:00",
      "rating": null,
      "review_count": null,
      "claimed": false,
      "featured": false
    },
    {
      "name": "Wine Infinity Discount Beer and Spirits",
      "category": "Liquor Store",
      "address": "980 US 9, Sayreville, NJ 08879",
      "phone": "",
      "email": "",
      "website": "",
      "hours": "",
      "rating": null,
      "review_count": null,
      "claimed": false,
      "featured": false
    },
    {
      "name": "Moon Spa",
      "category": "Massage",
      "address": "881 Main Street, Sayreville, NJ 08872",
      "phone": "+1 732-313-7034",
      "email": "",
      "website": "https://www.moonspasayreville.com/",
      "hours": "Mo-Sa 09:30-20:30; Su 09:30-19:30",
      "rating": null,
      "review_count": null,
      "claimed": false,
      "featured": false
    },
    {
      "name": "Ocean Spa",
      "category": "Massage",
      "address": "521 Raritan Street, Sayreville, NJ 08872",
      "phone": "+1 732-952-8949",
      "email": "",
      "website": "https://oceanspanj.com/",
      "hours": "Mo-Su 09:00-23:00",
      "rating": null,
      "review_count": null,
      "claimed": false,
      "featured": false
    },
    {
      "name": "Ying Health Spa",
      "category": "Massage",
      "address": "3195 Washington Road, Sayreville, NJ 08859",
      "phone": "+1 848-468-6846",
      "email": "",
      "website": "",
      "hours": "",
      "rating": null,
      "review_count": null,
      "claimed": false,
      "featured": false
    },
    {
      "name": "Za-zen Chinese Massage",
      "category": "Massage",
      "address": "4500 Bordentown Avenue, Sayreville, NJ 08872",
      "phone": "+1 732-313-6895",
      "email": "",
      "website": "",
      "hours": "",
      "rating": null,
      "review_count": null,
      "claimed": false,
      "featured": false
    },
    {
      "name": "Mediplus Home Health",
      "category": "Medical supply",
      "address": "4500 Bordentown Avenue, Sayreville, NJ 08872",
      "phone": "+1-800-219-9239",
      "email": "orders@Mediplushomehealth.com",
      "website": "https://www.mediplushomehealth.com/",
      "hours": "",
      "rating": null,
      "review_count": null,
      "claimed": false,
      "featured": false
    },
    {
      "name": "Metro by T-Mobile",
      "category": "Mobile Phone Store",
      "address": "960 US 9, Sayreville, NJ 08879",
      "phone": "+1 732-749-8960",
      "email": "",
      "website": "",
      "hours": "",
      "rating": null,
      "review_count": null,
      "claimed": false,
      "featured": false
    },
    {
      "name": "Phone Repair of Saryeville Plaza",
      "category": "Mobile Phone Store",
      "address": "960 US 9, Sayreville, NJ 08879",
      "phone": "+1 732-753-9585",
      "email": "",
      "website": "https://mobility-and-beyond-sayreville-phone-repair.business.site/",
      "hours": "",
      "rating": null,
      "review_count": null,
      "claimed": false,
      "featured": false
    },
    {
      "name": "Verizon",
      "category": "Mobile Phone Store",
      "address": "934 US 9 South, Sayreville, NJ 08879",
      "phone": "",
      "email": "",
      "website": "",
      "hours": "",
      "rating": null,
      "review_count": null,
      "claimed": false,
      "featured": false
    },
    {
      "name": "Sayreville Historical Society",
      "category": "Museum",
      "address": "425 Main Street, Sayreville, NJ 08872",
      "phone": "+1 732-390-7048",
      "email": "info@sayrevillehistory.org",
      "website": "https://www.sayrevillehistory.com",
      "hours": "Su 13:30-16:00",
      "rating": null,
      "review_count": null,
      "claimed": false,
      "featured": false
    },
    {
      "name": "Starland Ballroom",
      "category": "Nightclub",
      "address": "570 Jernee Mill Road, Sayreville, NJ 08872",
      "phone": "+1 732-238-5500",
      "email": "info@starlandballroom.com",
      "website": "https://www.starlandballroom.com/",
      "hours": "",
      "rating": null,
      "review_count": null,
      "claimed": false,
      "featured": false
    },
    {
      "name": "Rick's Painting Service",
      "category": "Painter",
      "address": "29 Smith Street, Sayreville, NJ 08872",
      "phone": "",
      "email": "",
      "website": "",
      "hours": "",
      "rating": null,
      "review_count": null,
      "claimed": false,
      "featured": false
    },
    {
      "name": "Aardvark Amusements",
      "category": "Party",
      "address": "931 US 9 North, Sayreville, NJ 08879",
      "phone": "+1-800-303-7433",
      "email": "team@aardvarkamusements.com",
      "website": "https://www.aardvarkamusements.com/",
      "hours": "24/7 \"call ahead\"",
      "rating": null,
      "review_count": null,
      "claimed": false,
      "featured": false
    },
    {
      "name": "Krystal's Bakery",
      "category": "Pastry",
      "address": "100 Main Street, Sayreville, NJ 08872",
      "phone": "",
      "email": "",
      "website": "",
      "hours": "",
      "rating": null,
      "review_count": null,
      "claimed": false,
      "featured": false
    },
    {
      "name": "Buy 'N Sell World",
      "category": "Pawn Shop",
      "address": "1980 NJ 35, Sayreville, NJ 08879",
      "phone": "+1-732-526-4488",
      "email": "",
      "website": "https://www.cashoutnj.com/",
      "hours": "Mo-Fr 11:00-18:00; Sa 11:00-16:30; Su off",
      "rating": null,
      "review_count": null,
      "claimed": false,
      "featured": false
    },
    {
      "name": "Hands of Gold Services",
      "category": "Pawn Shop",
      "address": "521 Main Street, Sayreville, NJ 08872",
      "phone": "",
      "email": "",
      "website": "",
      "hours": "",
      "rating": null,
      "review_count": null,
      "claimed": false,
      "featured": false
    },
    {
      "name": "Mel's Pet Parlor",
      "category": "Pet grooming",
      "address": "139 Main Street, Sayreville, NJ 08872",
      "phone": "",
      "email": "",
      "website": "",
      "hours": "",
      "rating": null,
      "review_count": null,
      "claimed": false,
      "featured": false
    },
    {
      "name": "Main Street Specialty Pharmacy",
      "category": "Pharmacy",
      "address": "881 Main Street, Sayreville, NJ 08872",
      "phone": "+1 732-475-3311",
      "email": "",
      "website": "",
      "hours": "Mo-Fr 08:30-19:00; Sa 09:00-17:00; Su closed",
      "rating": null,
      "review_count": null,
      "claimed": false,
      "featured": false
    },
    {
      "name": "Rite Aid",
      "category": "Pharmacy",
      "address": "3553 Washington Road, Sayreville, NJ 08859",
      "phone": "+1 732-316-4801",
      "email": "",
      "website": "https://www.riteaid.com/locations/nj/parlin/3553-washington-road.html",
      "hours": "Mo-Fr 09:00-20:00; Sa 09:00-17:00; Su 10:00-18:00",
      "rating": null,
      "review_count": null,
      "claimed": false,
      "featured": false
    },
    {
      "name": "Sayreville Pharmacy",
      "category": "Pharmacy",
      "address": "89 Main Street, Sayreville, NJ 08872",
      "phone": "+1 732-254-5858",
      "email": "sayrevillepharmacy@hotmail.com",
      "website": "https://www.sayrevillepharmacy.com/",
      "hours": "Mo-Fr 09:00-20:00; Sa 09:00-17:00; Su closed; PH closed",
      "rating": null,
      "review_count": null,
      "claimed": false,
      "featured": false
    },
    {
      "name": "Walgreens",
      "category": "Pharmacy",
      "address": "521 Raritan Street, Sayreville, NJ 08872",
      "phone": "+1 732-838-0446",
      "email": "",
      "website": "https://www.walgreens.com/locator/walgreens-521+raritan+st-sayreville-nj-08872/id=13720",
      "hours": "Mo-Fr 08:00-22:00; Sa 09:00-18:00; Su 10:00-18:00",
      "rating": null,
      "review_count": null,
      "claimed": false,
      "featured": false
    },
    {
      "name": "Walgreens",
      "category": "Pharmacy",
      "address": "960 US 9, Sayreville, NJ 08879",
      "phone": "",
      "email": "",
      "website": "",
      "hours": "",
      "rating": null,
      "review_count": null,
      "claimed": false,
      "featured": false
    },
    {
      "name": "Twin Boro Physical Therapy",
      "category": "Physiotherapist",
      "address": "Sayreville, NJ 08859",
      "phone": "+1 732-238-8484",
      "email": "",
      "website": "https://twinboro.com",
      "hours": "Mo-Tu 07:00-20:00; We 08:00-20:00; Th 07:00-20:00; Fr 08:00-20:00",
      "rating": null,
      "review_count": null,
      "claimed": false,
      "featured": false
    },
    {
      "name": "Dr. Peter Jeremin, DPM",
      "category": "Podiatrist",
      "address": "1145 Bordentown Avenue, Sayreville, NJ 08859",
      "phone": "+1 732-721-6553",
      "email": "",
      "website": "http://www.drjeremin.com/",
      "hours": "Mo,Tu,Th 08:00-16:00; Fr,Sa 08:00-12:00; We,Su closed",
      "rating": null,
      "review_count": null,
      "claimed": false,
      "featured": false
    },
    {
      "name": "Jason M. Grossman, DPM",
      "category": "Podiatrist",
      "address": "53 Main Street, Sayreville, NJ 08872",
      "phone": "+1 732-679-4330",
      "email": "",
      "website": "https://oldbridgefootdr.com/",
      "hours": "",
      "rating": null,
      "review_count": null,
      "claimed": false,
      "featured": false
    },
    {
      "name": "Sayreville Democratic Organization",
      "category": "Political party",
      "address": "2909 Washington Road, Sayreville, NJ 08859",
      "phone": "",
      "email": "",
      "website": "",
      "hours": "",
      "rating": null,
      "review_count": null,
      "claimed": false,
      "featured": false
    },
    {
      "name": "Brass Monkey Pub",
      "category": "Pub",
      "address": "4500 Bordentown Avenue, Sayreville, NJ 08872",
      "phone": "+1 732-613-9445",
      "email": "",
      "website": "",
      "hours": "Mo-Su 11:00-26:00",
      "rating": null,
      "review_count": null,
      "claimed": false,
      "featured": false
    },
    {
      "name": "Pat's Pub",
      "category": "Pub",
      "address": "367 Washington Road, Sayreville, NJ 08872",
      "phone": "+1 732-416-6455",
      "email": "",
      "website": "",
      "hours": "",
      "rating": null,
      "review_count": null,
      "claimed": false,
      "featured": false
    },
    {
      "name": "Sean's Pub N' Grub",
      "category": "Pub",
      "address": "50 Deerfield Road, Sayreville, NJ 08872",
      "phone": "+1 732-234-6088",
      "email": "",
      "website": "https://seanspubngrub.com",
      "hours": "Mo-Su 11:00-23:00",
      "rating": null,
      "review_count": null,
      "claimed": false,
      "featured": false
    },
    {
      "name": "Camelot at La Mer",
      "category": "Real Estate",
      "address": "20 Pointe of Woods Drive, Sayreville, NJ 08859",
      "phone": "+1 732-525-0800",
      "email": "",
      "website": "https://www.camelotatlamer.com",
      "hours": "Mo-Th 09:00-18:00; Fr 09:00-17:00; Sa 10:00-17:00; Su 11:00-17:00",
      "rating": null,
      "review_count": null,
      "claimed": false,
      "featured": false
    },
    {
      "name": "Re/Max Dreams",
      "category": "Real Estate",
      "address": "380 Washington Road, Sayreville, NJ 08872",
      "phone": "+1 732-903-9145",
      "email": "dreamhomesnj@gmail.com",
      "website": "https://redreamsforce.com/",
      "hours": "Mon TO Fri : 09.00am - 05.00pm",
      "rating": null,
      "review_count": null,
      "claimed": false,
      "featured": false
    },
    {
      "name": "Power Plus",
      "category": "Rental",
      "address": "919 US 9 North, Sayreville, NJ 08879",
      "phone": "+1 732-372-2116",
      "email": "",
      "website": "https://generatorrentalnortheast.com",
      "hours": "24/7",
      "rating": null,
      "review_count": null,
      "claimed": false,
      "featured": false
    },
    {
      "name": "Angelo's Pizza & Restaurant",
      "category": "Restaurant",
      "address": "80 Main Street, Sayreville, NJ 08872",
      "phone": "+1 732-651-6155",
      "email": "",
      "website": "https://angelospizza732.com/",
      "hours": "Mo-Sa 11:00-21:00; Su 01:00-21:00",
      "rating": null,
      "review_count": null,
      "claimed": false,
      "featured": false
    },
    {
      "name": "Arirang Hibachi Steakhouse",
      "category": "Restaurant",
      "address": "986 US 9, Sayreville, NJ 08879",
      "phone": "+1 732-525-3551",
      "email": "",
      "website": "https://www.partyonthegrill.com/hibachi/",
      "hours": "",
      "rating": null,
      "review_count": null,
      "claimed": false,
      "featured": false
    },
    {
      "name": "Camillo's Restaraunt & Pizza",
      "category": "Restaurant",
      "address": "31 MacArthur Avenue, Sayreville, NJ 08872",
      "phone": "+1 732-390-4444",
      "email": "",
      "website": "http://www.camillosnj.com/",
      "hours": "Su-Th 11:00-22:00; Fr-Sa 11:00-23:00",
      "rating": null,
      "review_count": null,
      "claimed": false,
      "featured": false
    },
    {
      "name": "Chinese Delite",
      "category": "Restaurant",
      "address": "59 Main Street, Sayreville, NJ 08872",
      "phone": "+1 732-257-2010",
      "email": "",
      "website": "https://www.chinesedelitesayreville.com/",
      "hours": "Tu-Su 11:30-21:00",
      "rating": null,
      "review_count": null,
      "claimed": false,
      "featured": false
    },
    {
      "name": "Classique Restaurant",
      "category": "Restaurant",
      "address": "521 Raritan Street, Sayreville, NJ 08872",
      "phone": "+1 732-316-9100",
      "email": "info@classiquerestaurant.com",
      "website": "",
      "hours": "",
      "rating": null,
      "review_count": null,
      "claimed": false,
      "featured": false
    },
    {
      "name": "Cocina Borinquena",
      "category": "Restaurant",
      "address": "3292 Washington Road, Sayreville, NJ 08859",
      "phone": "+1 732-952-8877",
      "email": "",
      "website": "https://cocinaborinquena.com",
      "hours": "Tu-Fr 16:00-20:00; Sa 12:00-20:00; Su-Mo closed",
      "rating": null,
      "review_count": null,
      "claimed": false,
      "featured": false
    },
    {
      "name": "Costa Verde",
      "category": "Restaurant",
      "address": "6039 State Route 35, Sayreville, NJ 08879",
      "phone": "+1 732-727-7070",
      "email": "info@CostaVerde.us",
      "website": "https://www.costaverde.us/",
      "hours": "Mo-Su 11:30-14:00",
      "rating": null,
      "review_count": null,
      "claimed": false,
      "featured": false
    },
    {
      "name": "Goodfellows Pizza",
      "category": "Restaurant",
      "address": "3 Johnson Lane, Sayreville, NJ 08859",
      "phone": "+1 732-707-4455",
      "email": "",
      "website": "https://goodfellowspizzaitalianspecialties.com",
      "hours": "Mo-Su 10:00-22:00; PH closed",
      "rating": null,
      "review_count": null,
      "claimed": false,
      "featured": false
    },
    {
      "name": "Hung Ling Chinese Food",
      "category": "Restaurant",
      "address": "521 Raritan Street, Sayreville, NJ 08872",
      "phone": "+1 732-721-3900; +1 732-721-3901",
      "email": "",
      "website": "https://hinglung.chinesenj.net/",
      "hours": "Mo-Th 11:00-20:30; Fr-Sa 11:00-23:10",
      "rating": null,
      "review_count": null,
      "claimed": false,
      "featured": false
    },
    {
      "name": "Kathiyawadi Kitchen",
      "category": "Restaurant",
      "address": "20 Jernee Mill Road, Sayreville, NJ 08872",
      "phone": "+1 732-514-7639",
      "email": "",
      "website": "https://kathiyawadikitchen.business.site/",
      "hours": "Tu-Su 12:00-15:00, 17:00-21:00",
      "rating": null,
      "review_count": null,
      "claimed": false,
      "featured": false
    },
    {
      "name": "Kendy's Sushi and Peking Garden",
      "category": "Restaurant",
      "address": "881 Main Street, Sayreville, NJ 08872",
      "phone": "+1 732-525-0707",
      "email": "",
      "website": "https://www.zmenu.com/kendys-sushi-and-peking-garden-sayreville-online-menu/",
      "hours": "Mo 15:00-22:00; Tu-We 12:00-22:00; Fr-Sa 11:00-23:00; Su 12:00-22:00",
      "rating": null,
      "review_count": null,
      "claimed": false,
      "featured": false
    },
    {
      "name": "La Rosetta Restaurant & Pizzaria",
      "category": "Restaurant",
      "address": "881 Main Street, Sayreville, NJ 08872",
      "phone": "+1 732-721-2400",
      "email": "",
      "website": "https://www.larosettacafe.com/",
      "hours": "Su-Th 10:00-22:00; Fr-Sa 10:00-23:00",
      "rating": null,
      "review_count": null,
      "claimed": false,
      "featured": false
    },
    {
      "name": "Lala's BBQ",
      "category": "Restaurant",
      "address": "20 Jernee Mill Road, Sayreville, NJ 08872",
      "phone": "+1 732-416-8030",
      "email": "",
      "website": "http://www.lalabbq.com/",
      "hours": "Tu-Th 10:00-21:00; Fr-Sa 11:00-22:00; Su 11:00-21:00",
      "rating": null,
      "review_count": null,
      "claimed": false,
      "featured": false
    },
    {
      "name": "Lima Latin Peruvian Cuisine",
      "category": "Restaurant",
      "address": "563 Main Street, Sayreville, NJ 08872",
      "phone": "+1 732-651-9793",
      "email": "lima.latinperuvian@gmail.com",
      "website": "https://limalatin.com/",
      "hours": "Tu-Fr 11:00-21:00; Sa-Su 09:00-21:00",
      "rating": null,
      "review_count": null,
      "claimed": false,
      "featured": false
    },
    {
      "name": "Mia's Pizza Restaurant",
      "category": "Restaurant",
      "address": "4500 Bordentown Avenue, Sayreville, NJ 08872",
      "phone": "+1 732-651-9888",
      "email": "",
      "website": "https://miaspizzeria.net/",
      "hours": "Mo-Sa 10:30-22:30; Su 13:00-21:30",
      "rating": null,
      "review_count": null,
      "claimed": false,
      "featured": false
    },
    {
      "name": "MiLina Cuisine",
      "category": "Restaurant",
      "address": "2909 Washington Road, Sayreville, NJ 08859",
      "phone": "+1 732-952-8226",
      "email": "",
      "website": "https://www.milinacuisine.com/",
      "hours": "Mo-Th 11:00-21:00; Fr-Sa 10:00-21:00; Su 10:00-20:00",
      "rating": null,
      "review_count": null,
      "claimed": false,
      "featured": false
    },
    {
      "name": "Nagoya Japanese Cuisine",
      "category": "Restaurant",
      "address": "4500 Bordentown Avenue, Sayreville, NJ 08872",
      "phone": "+1 732-967-8626",
      "email": "",
      "website": "http://www.nagoyasayreville.com/",
      "hours": "Tu-Th 11:00-22:00; Fr 11:00-23:00; Sa 12:00-23:00; Su 12:00-22:00",
      "rating": null,
      "review_count": null,
      "claimed": false,
      "featured": false
    },
    {
      "name": "New Lamb's Garden",
      "category": "Restaurant",
      "address": "309 Main Street, Sayreville, NJ 08872",
      "phone": "+1 732-698-0111; +1 732-698-0110",
      "email": "",
      "website": "https://www.lamsgardensayreville.chinesenj.net/",
      "hours": "Mo-Th 11:00-22:30; Fr-Sa 11:00-23:00; Su 12:00-22:30",
      "rating": null,
      "review_count": null,
      "claimed": false,
      "featured": false
    },
    {
      "name": "No.1 Chineese Restaurant",
      "category": "Restaurant",
      "address": "777 Washington Road, Sayreville, NJ 08859",
      "phone": "+1 732-238-5532",
      "email": "",
      "website": "https://number1parlin.com/",
      "hours": "Mo 11:00-22:30; We-Th 11:00-22:30; Fr-Sa 11:00-23:00; Su 12:00-22:00",
      "rating": null,
      "review_count": null,
      "claimed": false,
      "featured": false
    },
    {
      "name": "Nunzio's Kitchen",
      "category": "Restaurant",
      "address": "521 Raritan Street, Sayreville, NJ 08872",
      "phone": "+1 732-727-1060",
      "email": "",
      "website": "https://www.nunzioskitchen.com",
      "hours": "Mo-Sa 11:00-20:00; Su closed",
      "rating": null,
      "review_count": null,
      "claimed": false,
      "featured": false
    },
    {
      "name": "Pho Da Nang",
      "category": "Restaurant",
      "address": "960 U.S. Route 9 South, Sayreville, NJ 08879",
      "phone": "+1 732-727-2000",
      "email": "",
      "website": "http://phodanang.blogspot.com/2012/11/one-of-best-vietnamese-food-in-town.html",
      "hours": "Su, Tu-Th 11:00-20:30; Fr 11:00-21:00",
      "rating": null,
      "review_count": null,
      "claimed": false,
      "featured": false
    },
    {
      "name": "Pilipino Grill & BBQ",
      "category": "Restaurant",
      "address": "4500 Bordentown Avenue, Sayreville, NJ 08872",
      "phone": "+1 732-651-8556",
      "email": "",
      "website": "",
      "hours": "",
      "rating": null,
      "review_count": null,
      "claimed": false,
      "featured": false
    },
    {
      "name": "Pizza Haven",
      "category": "Restaurant",
      "address": "777 Washington Road, Sayreville, NJ 08859",
      "phone": "+1 732-390-3311",
      "email": "",
      "website": "http://orderpizzaheaven.com/",
      "hours": "Mo-Th 11:00-22:30; Fr-Sa 11:00-23:00; Su 11:00-22:30",
      "rating": null,
      "review_count": null,
      "claimed": false,
      "featured": false
    },
    {
      "name": "Primo's Pizza and Restaurant",
      "category": "Restaurant",
      "address": "2909 Washington Road, Sayreville, NJ 08859",
      "phone": "+1 732-838-6278",
      "email": "",
      "website": "https://www.ordernanaspizza.com/",
      "hours": "Mo-Th 11:00-21:15; Fr-Sa 11:00-21:45; Su 12:00-20:45",
      "rating": null,
      "review_count": null,
      "claimed": false,
      "featured": false
    },
    {
      "name": "Pronto Pizza",
      "category": "Restaurant",
      "address": "960 U.S. Route 9 South, Sayreville, NJ 08879",
      "phone": "+1 732-316-1000",
      "email": "",
      "website": "https://slicelife.com/restaurants/nj/south-amboy/08879/pronto-pizza-restaurant/menu",
      "hours": "Su-Fr 11:00-21:30; Sa 12:00-20:30",
      "rating": null,
      "review_count": null,
      "claimed": false,
      "featured": false
    },
    {
      "name": "Riffy's Kitchen",
      "category": "Restaurant",
      "address": "777 Washington Road, Sayreville, NJ 08859",
      "phone": "+1 732-967-6888",
      "email": "",
      "website": "",
      "hours": "Mo-Su 11:00-20:30",
      "rating": null,
      "review_count": null,
      "claimed": false,
      "featured": false
    },
    {
      "name": "Romeo's Ristorante & Pizza",
      "category": "Restaurant",
      "address": "20 Jernee Mill Road, Sayreville, NJ 08872",
      "phone": "+1 732-254-6252",
      "email": "",
      "website": "https://www.brunchboxeatery.com/",
      "hours": "Tu-Su 08:00-15:00",
      "rating": null,
      "review_count": null,
      "claimed": false,
      "featured": false
    },
    {
      "name": "Royal Indian Restaraunt",
      "category": "Restaurant",
      "address": "2909 Washington Road, Sayreville, NJ 08859",
      "phone": "+1 732-401-0900",
      "email": "",
      "website": "",
      "hours": "",
      "rating": null,
      "review_count": null,
      "claimed": false,
      "featured": false
    },
    {
      "name": "Rustoni's Pizza",
      "category": "Restaurant",
      "address": "309 Main Street, Sayreville, NJ 08872",
      "phone": "+1 732-651-2330",
      "email": "",
      "website": "https://rustonis.com/",
      "hours": "Mo-Sa 11:00-21:30; Su 12:00-21:30",
      "rating": null,
      "review_count": null,
      "claimed": false,
      "featured": false
    },
    {
      "name": "Shahzad Halal Food",
      "category": "Restaurant",
      "address": "993 US Highway 9, Sayreville, NJ 08859",
      "phone": "+1-609-527-9480",
      "email": "",
      "website": "https://www.shahzadshalalfood.com/",
      "hours": "Mo-Su 11:00-23:55",
      "rating": null,
      "review_count": null,
      "claimed": false,
      "featured": false
    },
    {
      "name": "South Side 35 Diner",
      "category": "Restaurant",
      "address": "1803 NJ 35, Sayreville, NJ 08879",
      "phone": "+1 732-313-7979",
      "email": "",
      "website": "https://www.southside35diner.com/",
      "hours": "Mo-Sa 07:00-21:00; Su 07:00-16:00",
      "rating": null,
      "review_count": null,
      "claimed": false,
      "featured": false
    },
    {
      "name": "Sunny Side Up",
      "category": "Restaurant",
      "address": "111 Main Street, Sayreville, NJ 08872",
      "phone": "+1 732-238-5375",
      "email": "",
      "website": "https://m.facebook.com/profile.php?id=137423289632473&ref=bookmarks",
      "hours": "Tu-Su 08:00-14:00",
      "rating": null,
      "review_count": null,
      "claimed": false,
      "featured": false
    },
    {
      "name": "Taste of Jamaica 1",
      "category": "Restaurant",
      "address": "881 Main Street, Sayreville, NJ 08872",
      "phone": "+1 732-952-2300",
      "email": "",
      "website": "https://www.tasteofjamaica1.com/",
      "hours": "Su-Mo closed; Tu-Fr 11:00-21:00; Sa 09:00-22:00",
      "rating": null,
      "review_count": null,
      "claimed": false,
      "featured": false
    },
    {
      "name": "Truly Thai Restaurant",
      "category": "Restaurant",
      "address": "156 Main Street, Sayreville, NJ 08872",
      "phone": "+1 732-234-6886",
      "email": "trulythainj@gmail.com",
      "website": "https://www.trulythainj.com",
      "hours": "Mo, Th-Fr 11:00-21:00; Sa 12:00-21:00; Su 04:00-09:00",
      "rating": null,
      "review_count": null,
      "claimed": false,
      "featured": false
    },
    {
      "name": "Yong Hing Garden",
      "category": "Restaurant",
      "address": "4500 Bordentown Avenue, Sayreville, NJ 08872",
      "phone": "+1 732-651-8833; +1 732-651-8585; +1 732-651-0222",
      "email": "",
      "website": "https://yonghinggardensayreville.com/",
      "hours": "Mo 11:00-21:30; Tu closed; We-Sa 11:00-21:30; Su 12:00-21:30,12:00-21:30",
      "rating": null,
      "review_count": null,
      "claimed": false,
      "featured": false
    },
    {
      "name": "Sayreville Seafood",
      "category": "Seafood",
      "address": "141 Main Street, Sayreville, NJ 08872",
      "phone": "+1 732-254-2116",
      "email": "",
      "website": "",
      "hours": "Su-Mo 11:00-14:00; Tu 11:00-19:30; We 09:00-19:30; Th-Sa 11:00-19:30",
      "rating": null,
      "review_count": null,
      "claimed": false,
      "featured": false
    },
    {
      "name": "Gate Security",
      "category": "Security",
      "address": "Sayreville, NJ",
      "phone": "",
      "email": "",
      "website": "",
      "hours": "",
      "rating": null,
      "review_count": null,
      "claimed": false,
      "featured": false
    },
    {
      "name": "Sayreville Plaza Shopping Center",
      "category": "Shopping Mall",
      "address": "960 US 9, Sayreville, NJ 08879",
      "phone": "",
      "email": "",
      "website": "",
      "hours": "",
      "rating": null,
      "review_count": null,
      "claimed": false,
      "featured": false
    },
    {
      "name": "Metuchen Center Team Sports",
      "category": "Sporting Goods",
      "address": "10 Embroidery Street, Sayreville, NJ 08872",
      "phone": "+1-732-418-1388",
      "email": "",
      "website": "http://gardenstateapparel.com/",
      "hours": "",
      "rating": null,
      "review_count": null,
      "claimed": false,
      "featured": false
    },
    {
      "name": "Sayreville Sportsman",
      "category": "Sporting Goods",
      "address": "52 Washington Road, Sayreville, NJ 08872",
      "phone": "+1 732-238-2060",
      "email": "",
      "website": "http://sayreville-sportsman.poi.place/",
      "hours": "",
      "rating": null,
      "review_count": null,
      "claimed": false,
      "featured": false
    },
    {
      "name": "Riverside Supply",
      "category": "Stonemason",
      "address": "6 Washington Road, Sayreville, NJ 08872",
      "phone": "+1 732-257-3434",
      "email": "",
      "website": "https://www.rsc-nj.com/",
      "hours": "",
      "rating": null,
      "review_count": null,
      "claimed": false,
      "featured": false
    },
    {
      "name": "SecureSpace Self Storage",
      "category": "Storage rental",
      "address": "Sayreville, NJ",
      "phone": "",
      "email": "",
      "website": "",
      "hours": "",
      "rating": null,
      "review_count": null,
      "claimed": false,
      "featured": false
    },
    {
      "name": "Bantama Market",
      "category": "Supermarket",
      "address": "4500 Bordentown Avenue, Sayreville, NJ 08872",
      "phone": "",
      "email": "",
      "website": "",
      "hours": "",
      "rating": null,
      "review_count": null,
      "claimed": false,
      "featured": false
    },
    {
      "name": "Route 9 Farmers Market Inc",
      "category": "Supermarket",
      "address": "960 U.S. Route 9 South, Sayreville, NJ 08879",
      "phone": "+1 732-727-7778",
      "email": "",
      "website": "https://www.thefarmersmarketgroup.com/",
      "hours": "Mo-Sa 08:00-19:45; Su 08:00-17:45",
      "rating": null,
      "review_count": null,
      "claimed": false,
      "featured": false
    },
    {
      "name": "ShopRite",
      "category": "Supermarket",
      "address": "2909 Washington Road, Sayreville, NJ 08859",
      "phone": "+1 732-525-8282",
      "email": "",
      "website": "https://www.shoprite.com/sm/planning/rsid/553",
      "hours": "Mo-Sa 07:00- 23:00; Su 07:00-22:00",
      "rating": null,
      "review_count": null,
      "claimed": false,
      "featured": false
    },
    {
      "name": "Wild Card Tattoo",
      "category": "Tattoo Parlor",
      "address": "109 Main Street, Sayreville, NJ 08872",
      "phone": "+1-732-307-2222",
      "email": "",
      "website": "",
      "hours": "",
      "rating": null,
      "review_count": null,
      "claimed": false,
      "featured": false
    },
    {
      "name": "Liberty Tax",
      "category": "Tax Advisor",
      "address": "960 US 9, Sayreville, NJ 08879",
      "phone": "+1 732-588-7719",
      "email": "",
      "website": "https://www.libertytax.com/income-tax-preparation-locations/13728.html",
      "hours": "",
      "rating": null,
      "review_count": null,
      "claimed": false,
      "featured": false
    },
    {
      "name": "Litz Tax & Consultng",
      "category": "Tax Advisor",
      "address": "21 Ernston Road, Sayreville, NJ 08859",
      "phone": "+1 732-952-5252",
      "email": "",
      "website": "https://litztax.com",
      "hours": "",
      "rating": null,
      "review_count": null,
      "claimed": false,
      "featured": false
    },
    {
      "name": "Monsignor Dalton Hall",
      "category": "Theatre",
      "address": "Sayreville, NJ",
      "phone": "",
      "email": "",
      "website": "",
      "hours": "",
      "rating": null,
      "review_count": null,
      "claimed": false,
      "featured": false
    },
    {
      "name": "A One Truck Stop",
      "category": "Tyres",
      "address": "15 Victory Plaza, Sayreville, NJ 08872",
      "phone": "",
      "email": "",
      "website": "",
      "hours": "",
      "rating": null,
      "review_count": null,
      "claimed": false,
      "featured": false
    },
    {
      "name": "Parlin Discount Tire",
      "category": "Tyres",
      "address": "3143 Bordentown Avenue, Sayreville, NJ 08859",
      "phone": "+1 732-753-9965",
      "email": "",
      "website": "",
      "hours": "",
      "rating": null,
      "review_count": null,
      "claimed": false,
      "featured": false
    },
    {
      "name": "Dollar A Plus",
      "category": "Variety Store",
      "address": "777 Washington Road, Sayreville, NJ 08859",
      "phone": "+1 732-390-9833",
      "email": "",
      "website": "https://dollar-a-plus.business.site/",
      "hours": "Mo-Sa 09:30-20:00; Su 10:00-19:00",
      "rating": null,
      "review_count": null,
      "claimed": false,
      "featured": false
    },
    {
      "name": "Family Dollar",
      "category": "Variety Store",
      "address": "521 Raritan Street, Sayreville, NJ 08872",
      "phone": "+1 732-313-4105",
      "email": "",
      "website": "https://www.familydollar.com/locations/nj/sayreville/25435/",
      "hours": "Mo-Su 09:00-21:00",
      "rating": null,
      "review_count": null,
      "claimed": false,
      "featured": false
    },
    {
      "name": "Sayrebrook Veterinary Hospital",
      "category": "Veterinary",
      "address": "1400 Main Street, Sayreville, NJ 08872",
      "phone": "+1 732-727-1303",
      "email": "info@sayrebrookveterinaryhospital.com",
      "website": "https://sayrebrookvet.com/",
      "hours": "Mo-Th 8:00-19:00; Fr-Sa 8:00-17:00; Su 8:00-14:00",
      "rating": null,
      "review_count": null,
      "claimed": false,
      "featured": false
    },
    {
      "name": "A & L Provisions",
      "category": "Wholesale",
      "address": "3143 Bordentown Avenue, Sayreville, NJ 08859",
      "phone": "+1 732-525-0090",
      "email": "",
      "website": "https://www.facebook.com/pages/A-L-Provision-Co-Inc/121008491282001",
      "hours": "",
      "rating": null,
      "review_count": null,
      "claimed": false,
      "featured": false
    },
    {
      "name": "Rajwadi Food Products",
      "category": "Wholesale",
      "address": "20 Jernee Mill Road, Sayreville, NJ 08872",
      "phone": "+1 732-410-9442",
      "email": "",
      "website": "https://rajwadi-food-products-supplier.business.site/#gallery",
      "hours": "",
      "rating": null,
      "review_count": null,
      "claimed": false,
      "featured": false
    },
    {
      "name": "White Cap",
      "category": "Wholesale",
      "address": "287 Cheesequake Road, Sayreville, NJ 08859",
      "phone": "+1 732-651-0970",
      "email": "",
      "website": "https://www.whitecap.com/branches/163",
      "hours": "Mo-Fr 07:00-16:00; Sa-Su closed",
      "rating": null,
      "review_count": null,
      "claimed": false,
      "featured": false
    }
  ]
}