{
  "name": "Teterboro",
  "state": "New Jersey",
  "state_abbr": "NJ",
  "county": null,
  "population": 18,
  "slug": "teterboro-nj",
  "businesses": [
    {
      "name": "Auntie Anne's",
      "category": "Fast Food",
      "address": "Teterboro, NJ",
      "phone": "",
      "email": "",
      "website": "",
      "hours": "",
      "rating": null,
      "review_count": null,
      "claimed": false,
      "featured": false
    },
    {
      "name": "Chick-fil-A",
      "category": "Fast Food",
      "address": "19 Teterboro Landing Drive, Teterboro, NJ 07608",
      "phone": "+1 201-288-0847",
      "email": "",
      "website": "https://www.chick-fil-a.com/locations/nj/teterboro-landing",
      "hours": "Mo-Sa 06:30-21:00; Su off",
      "rating": null,
      "review_count": null,
      "claimed": false,
      "featured": false
    },
    {
      "name": "Chipotle",
      "category": "Fast Food",
      "address": "9 Teterboro Landing Drive, Teterboro, NJ 07608",
      "phone": "+1 201-288-4903",
      "email": "",
      "website": "https://locations.chipotle.com/nj/teterboro/9-teterboro-landing-dr",
      "hours": "",
      "rating": null,
      "review_count": null,
      "claimed": false,
      "featured": false
    },
    {
      "name": "Panera Bread",
      "category": "Fast Food",
      "address": "17 Teterboro Landing Drive, Teterboro, NJ 07608",
      "phone": "+1 201-426-9002",
      "email": "",
      "website": "https://locations.panerabread.com/nj/teterboro/17-teterboro-landing-dr.html",
      "hours": "Mo-Sa 06:00-22:00; Su 07:00-21:00",
      "rating": null,
      "review_count": null,
      "claimed": false,
      "featured": false
    },
    {
      "name": "Sarku Japan",
      "category": "Fast Food",
      "address": "Teterboro, NJ",
      "phone": "",
      "email": "",
      "website": "",
      "hours": "",
      "rating": null,
      "review_count": null,
      "claimed": false,
      "featured": false
    },
    {
      "name": "Subway",
      "category": "Fast Food",
      "address": "1 Teterboro Landing Drive, Teterboro, NJ 07608",
      "phone": "+1 201-203-0870",
      "email": "",
      "website": "https://restaurants.subway.com/united-states/nj/teterboro/1-teterboro-landing-dr",
      "hours": "Mo-Sa 09:00-23:00; Su 09:00-21:00",
      "rating": null,
      "review_count": null,
      "claimed": false,
      "featured": false
    },
    {
      "name": "The Habit Burger Grill",
      "category": "Fast Food",
      "address": "Teterboro, NJ",
      "phone": "+1 201-288-4629",
      "email": "",
      "website": "https://www.habitburger.com/locations/teterboro-nj/",
      "hours": "Mo-Su 10:30-22:00",
      "rating": null,
      "review_count": null,
      "claimed": false,
      "featured": false
    },
    {
      "name": "Walmart Garden Center",
      "category": "Garden centre",
      "address": "Teterboro, NJ",
      "phone": "",
      "email": "",
      "website": "",
      "hours": "",
      "rating": null,
      "review_count": null,
      "claimed": false,
      "featured": false
    },
    {
      "name": "Aviation Hall of Fame and Museum of New Jersey",
      "category": "Museum",
      "address": "400 Fred Wehran Drive, Teterboro, NJ",
      "phone": "+1 201-288-6344",
      "email": "",
      "website": "https://njahof.org/",
      "hours": "",
      "rating": null,
      "review_count": null,
      "claimed": false,
      "featured": false
    },
    {
      "name": "Walmart Pharmacy",
      "category": "Pharmacy",
      "address": "Teterboro, NJ",
      "phone": "",
      "email": "",
      "website": "https://www.walmart.com/store/3159-teterboro-nj/pharmacy",
      "hours": "",
      "rating": null,
      "review_count": null,
      "claimed": false,
      "featured": false
    },
    {
      "name": "BJ's",
      "category": "Restaurant",
      "address": "Teterboro, NJ",
      "phone": "+1 551-313-7450",
      "email": "",
      "website": "https://www.bjsrestaurants.com/locations/nj/teterboro",
      "hours": "",
      "rating": null,
      "review_count": null,
      "claimed": false,
      "featured": false
    },
    {
      "name": "Blaze Pizza",
      "category": "Restaurant",
      "address": "Teterboro, NJ",
      "phone": "",
      "email": "",
      "website": "",
      "hours": "",
      "rating": null,
      "review_count": null,
      "claimed": false,
      "featured": false
    },
    {
      "name": "Halal Guys",
      "category": "Restaurant",
      "address": "Teterboro, NJ",
      "phone": "",
      "email": "",
      "website": "",
      "hours": "",
      "rating": null,
      "review_count": null,
      "claimed": false,
      "featured": false
    },
    {
      "name": "Texas Roadhouse",
      "category": "Restaurant",
      "address": "Teterboro, NJ",
      "phone": "",
      "email": "",
      "website": "",
      "hours": "",
      "rating": null,
      "review_count": null,
      "claimed": false,
      "featured": false
    },
    {
      "name": "Walmart Supercenter",
      "category": "Supermarket",
      "address": "1 Teterboro Landing Drive, Teterboro, NJ 07608",
      "phone": "+1 201-375-4002",
      "email": "",
      "website": "https://www.walmart.com/store/3159-teterboro-nj",
      "hours": "06:00-23:00",
      "rating": null,
      "review_count": null,
      "claimed": false,
      "featured": false
    },
    {
      "name": "Costco",
      "category": "Wholesale",
      "address": "2 Teterboro Landing Drive, Teterboro, NJ 07608-1120",
      "phone": "+1 201-596-7001",
      "email": "",
      "website": "https://www.costco.com/warehouse-locations/teterboro-nj-1214.html",
      "hours": "Mo-Fr 10:00-20:30; Sa 09:00-19:00; Su 10:00-18:00",
      "rating": null,
      "review_count": null,
      "claimed": false,
      "featured": false
    }
  ]
}