{
  "name": "Upper Deerfield",
  "state": "New Jersey",
  "state_abbr": "NJ",
  "county": null,
  "population": null,
  "slug": "upper-deerfield-nj",
  "businesses": [
    {
      "name": "Eds Body Shop",
      "category": "Auto Repair",
      "address": "Upper Deerfield, NJ",
      "phone": "",
      "email": "",
      "website": "",
      "hours": "",
      "rating": null,
      "review_count": null,
      "claimed": false,
      "featured": false
    },
    {
      "name": "Monro Muffler Brake",
      "category": "Auto Repair",
      "address": "Upper Deerfield, NJ",
      "phone": "",
      "email": "",
      "website": "",
      "hours": "",
      "rating": null,
      "review_count": null,
      "claimed": false,
      "featured": false
    },
    {
      "name": "Bank of America",
      "category": "Bank",
      "address": "Upper Deerfield, NJ",
      "phone": "",
      "email": "",
      "website": "https://locators.bankofamerica.com/nj/bridgeton/financial-centers-bridgeton-14824.html",
      "hours": "Mo-Fr 09:00-17:00; Sa 09:00-14:00; Su off",
      "rating": null,
      "review_count": null,
      "claimed": false,
      "featured": false
    },
    {
      "name": "Beauty World",
      "category": "Beauty Salon",
      "address": "Upper Deerfield, NJ",
      "phone": "",
      "email": "",
      "website": "",
      "hours": "",
      "rating": null,
      "review_count": null,
      "claimed": false,
      "featured": false
    },
    {
      "name": "CK Nails",
      "category": "Beauty Salon",
      "address": "Upper Deerfield, NJ",
      "phone": "",
      "email": "",
      "website": "",
      "hours": "Mo-Fr 09:00-19:00; Su off; Sa 09:00-18:00",
      "rating": null,
      "review_count": null,
      "claimed": false,
      "featured": false
    },
    {
      "name": "Maison De Cheveux",
      "category": "Beauty Salon",
      "address": "Upper Deerfield, NJ",
      "phone": "",
      "email": "",
      "website": "",
      "hours": "Tu 09:00-14:00; We-Fr 09:00-18:00; Sa 09:00-15:00; Su,Mo off",
      "rating": null,
      "review_count": null,
      "claimed": false,
      "featured": false
    },
    {
      "name": "Stephanie's Salon & Day Spa",
      "category": "Beauty Salon",
      "address": "Upper Deerfield, NJ",
      "phone": "",
      "email": "",
      "website": "",
      "hours": "",
      "rating": null,
      "review_count": null,
      "claimed": false,
      "featured": false
    },
    {
      "name": "TJ Maxx",
      "category": "Clothing Store",
      "address": "68 Centerton Road, Upper Deerfield, NJ",
      "phone": "",
      "email": "",
      "website": "",
      "hours": "",
      "rating": null,
      "review_count": null,
      "claimed": false,
      "featured": false
    },
    {
      "name": "Dunkin'",
      "category": "Coffee",
      "address": "Upper Deerfield, NJ",
      "phone": "",
      "email": "",
      "website": "",
      "hours": "",
      "rating": null,
      "review_count": null,
      "claimed": false,
      "featured": false
    },
    {
      "name": "Terrys Ice Cream",
      "category": "Confectionery",
      "address": "Upper Deerfield, NJ",
      "phone": "",
      "email": "",
      "website": "",
      "hours": "",
      "rating": null,
      "review_count": null,
      "claimed": false,
      "featured": false
    },
    {
      "name": "Antonios",
      "category": "Convenience Store",
      "address": "Upper Deerfield, NJ",
      "phone": "",
      "email": "",
      "website": "",
      "hours": "",
      "rating": null,
      "review_count": null,
      "claimed": false,
      "featured": false
    },
    {
      "name": "Concession Stand",
      "category": "Convenience Store",
      "address": "Upper Deerfield, NJ",
      "phone": "",
      "email": "",
      "website": "",
      "hours": "",
      "rating": null,
      "review_count": null,
      "claimed": false,
      "featured": false
    },
    {
      "name": "Wawa",
      "category": "Convenience Store",
      "address": "Upper Deerfield, NJ",
      "phone": "",
      "email": "",
      "website": "",
      "hours": "24/7",
      "rating": null,
      "review_count": null,
      "claimed": false,
      "featured": false
    },
    {
      "name": "Tractor Supply Company",
      "category": "Country store",
      "address": "48 Cornwell Drive, Upper Deerfield, NJ 08302",
      "phone": "+1 856-455-3944",
      "email": "",
      "website": "",
      "hours": "Mo-Sa 08:00-21:00; Su 09:00-19:00",
      "rating": null,
      "review_count": null,
      "claimed": false,
      "featured": false
    },
    {
      "name": "Walmart",
      "category": "Department Store",
      "address": "1130 Highway 77, Upper Deerfield, NJ 08302",
      "phone": "+1 856-453-0418",
      "email": "",
      "website": "https://www.walmart.com/store/5384-bridgeton-nj",
      "hours": "Mo-Su 07:00-24:00",
      "rating": null,
      "review_count": null,
      "claimed": false,
      "featured": false
    },
    {
      "name": "Lairson Electronics",
      "category": "Electronics Store",
      "address": "1036 Pearl Street North, Upper Deerfield, NJ 08302",
      "phone": "+1-856-453-1616",
      "email": "",
      "website": "https://www.lairson.com",
      "hours": "Mo-Fr 09:00-18:00",
      "rating": null,
      "review_count": null,
      "claimed": false,
      "featured": false
    },
    {
      "name": "Burger King",
      "category": "Fast Food",
      "address": "1039 North Pearl Street, Upper Deerfield, NJ 08302-1211",
      "phone": "+1 856-455-8147",
      "email": "",
      "website": "https://www.bk.com/store-locator/store/restaurant_1008",
      "hours": "06:00-22:00",
      "rating": null,
      "review_count": null,
      "claimed": false,
      "featured": false
    },
    {
      "name": "Little Caesars",
      "category": "Fast Food",
      "address": "Upper Deerfield, NJ",
      "phone": "",
      "email": "",
      "website": "https://littlecaesars.com/en-us/store/10652/",
      "hours": "Mo-Su 11:00-22:00",
      "rating": null,
      "review_count": null,
      "claimed": false,
      "featured": false
    },
    {
      "name": "McDonald's",
      "category": "Fast Food",
      "address": "1056 North Pearl Street, Upper Deerfield, NJ 08302",
      "phone": "+1 856-451-9165",
      "email": "",
      "website": "https://www.mcdonalds.com/us/en-us/location/2400.html",
      "hours": "Mo-Th 06:00-23:00; Fr-Sa 06:00-24:00; Su 06:00-23:00",
      "rating": null,
      "review_count": null,
      "claimed": false,
      "featured": false
    },
    {
      "name": "New No1 Chinese Kitchen",
      "category": "Fast Food",
      "address": "38 Cornwell Drive, Upper Deerfield, NJ 08302",
      "phone": "+1 856-451-7500",
      "email": "",
      "website": "https://newno1chinesekitchen.com/",
      "hours": "Tu-Th 11:00-22:00; Fr,Sa 11:00-23:00; Su 11:30-21:30; Mo off",
      "rating": null,
      "review_count": null,
      "claimed": false,
      "featured": false
    },
    {
      "name": "Subway",
      "category": "Fast Food",
      "address": "1130 Highway 77, Upper Deerfield, NJ 08302",
      "phone": "+1 856-451-4423",
      "email": "",
      "website": "https://restaurants.subway.com/united-states/nj/bridgeton/1130-highway-77",
      "hours": "09:00-22:00",
      "rating": null,
      "review_count": null,
      "claimed": false,
      "featured": false
    },
    {
      "name": "Wendy's",
      "category": "Fast Food",
      "address": "1020 Pearl Street North, Upper Deerfield, NJ 08302",
      "phone": "+1-856-221-3805",
      "email": "",
      "website": "https://locations.wendys.com/united-states/nj/bridgeton/1020-n-pearl-street",
      "hours": "Mo-Su 06:30-01:00",
      "rating": null,
      "review_count": null,
      "claimed": false,
      "featured": false
    },
    {
      "name": "NJ Motor Vehicle Station",
      "category": "Government",
      "address": "Upper Deerfield, NJ",
      "phone": "",
      "email": "",
      "website": "",
      "hours": "",
      "rating": null,
      "review_count": null,
      "claimed": false,
      "featured": false
    },
    {
      "name": "Hair Cuttery",
      "category": "Hair Salon",
      "address": "Upper Deerfield, NJ",
      "phone": "",
      "email": "",
      "website": "",
      "hours": "Su-We 08:00-17:00; Th,Fr 08:00-19:00; Sa 08:00-18:00",
      "rating": null,
      "review_count": null,
      "claimed": false,
      "featured": false
    },
    {
      "name": "Real Estate Office",
      "category": "Insurance",
      "address": "Upper Deerfield, NJ",
      "phone": "",
      "email": "",
      "website": "",
      "hours": "",
      "rating": null,
      "review_count": null,
      "claimed": false,
      "featured": false
    },
    {
      "name": "Liquor Xpress",
      "category": "Liquor Store",
      "address": "Upper Deerfield, NJ",
      "phone": "",
      "email": "",
      "website": "",
      "hours": "",
      "rating": null,
      "review_count": null,
      "claimed": false,
      "featured": false
    },
    {
      "name": "Verizon",
      "category": "Mobile Phone Store",
      "address": "Upper Deerfield, NJ",
      "phone": "",
      "email": "",
      "website": "https://locations.tccrocks.com/nj/bridgeton/15-cornwell-dr.html",
      "hours": "Su 11:00-18:00; Mo-Th,Sa 10:00-20:00; Fr 09:00-20:00",
      "rating": null,
      "review_count": null,
      "claimed": false,
      "featured": false
    },
    {
      "name": "Walgreens",
      "category": "Pharmacy",
      "address": "Upper Deerfield, NJ",
      "phone": "",
      "email": "",
      "website": "",
      "hours": "",
      "rating": null,
      "review_count": null,
      "claimed": false,
      "featured": false
    },
    {
      "name": "Seabrook House",
      "category": "Rehabilitation",
      "address": "133 Polk Lane, Upper Deerfield, NJ 08302",
      "phone": "+1 800 584 5584",
      "email": "",
      "website": "https://seabrook.org",
      "hours": "",
      "rating": null,
      "review_count": null,
      "claimed": false,
      "featured": false
    },
    {
      "name": "Chinese",
      "category": "Restaurant",
      "address": "Upper Deerfield, NJ",
      "phone": "",
      "email": "",
      "website": "",
      "hours": "Tu-Th 10:30-21:30; Fr,Sa 10:30-22:00; Mo off; Su 11:00-21:30",
      "rating": null,
      "review_count": null,
      "claimed": false,
      "featured": false
    },
    {
      "name": "Chipotle Mexican Grill",
      "category": "Restaurant",
      "address": "Upper Deerfield, NJ",
      "phone": "",
      "email": "",
      "website": "",
      "hours": "",
      "rating": null,
      "review_count": null,
      "claimed": false,
      "featured": false
    },
    {
      "name": "Giaccomo's Pizzeria",
      "category": "Restaurant",
      "address": "Upper Deerfield, NJ",
      "phone": "",
      "email": "",
      "website": "",
      "hours": "",
      "rating": null,
      "review_count": null,
      "claimed": false,
      "featured": false
    },
    {
      "name": "Golden Pigeon",
      "category": "Restaurant",
      "address": "Upper Deerfield, NJ",
      "phone": "",
      "email": "",
      "website": "",
      "hours": "24/7",
      "rating": null,
      "review_count": null,
      "claimed": false,
      "featured": false
    },
    {
      "name": "Itamex",
      "category": "Restaurant",
      "address": "34 Cornwell Drive, Upper Deerfield, NJ 08302",
      "phone": "+1-856-455-4011",
      "email": "",
      "website": "https://www.itamexrestaurant.com/index.htm",
      "hours": "Mo-Su 11:00-21:00",
      "rating": null,
      "review_count": null,
      "claimed": false,
      "featured": false
    },
    {
      "name": "Pizza",
      "category": "Restaurant",
      "address": "Upper Deerfield, NJ",
      "phone": "",
      "email": "",
      "website": "",
      "hours": "Mo-Sa 10:30-21:00; Su 11:00-21:00",
      "rating": null,
      "review_count": null,
      "claimed": false,
      "featured": false
    },
    {
      "name": "Pizza Hut",
      "category": "Restaurant",
      "address": "45 Cornwell Drive, Upper Deerfield, NJ 08302",
      "phone": "+1 856-459-5769",
      "email": "",
      "website": "https://locations.pizzahut.com/nj/bridgeton/45-cornwell-drive",
      "hours": "Mo-Su 10:00-24:00",
      "rating": null,
      "review_count": null,
      "claimed": false,
      "featured": false
    },
    {
      "name": "Wingstop",
      "category": "Restaurant",
      "address": "Upper Deerfield, NJ",
      "phone": "",
      "email": "",
      "website": "",
      "hours": "",
      "rating": null,
      "review_count": null,
      "claimed": false,
      "featured": false
    },
    {
      "name": "Aldi",
      "category": "Supermarket",
      "address": "18 Cornwell Drive, Upper Deerfield, NJ 08302-3633",
      "phone": "+1 833-460-7015",
      "email": "",
      "website": "https://stores.aldi.us/nj/bridgeton/18-cornwell-drive",
      "hours": "Mo-Su 09:00-20:00",
      "rating": null,
      "review_count": null,
      "claimed": false,
      "featured": false
    },
    {
      "name": "ShopRite",
      "category": "Supermarket",
      "address": "1000 North Pearl Street, Upper Deerfield, NJ 08302",
      "phone": "+1 856-451-1577",
      "email": "",
      "website": "https://www.shoprite.com/sm/planning/rsid/526",
      "hours": "Mo-Sa 07:00-22:00",
      "rating": null,
      "review_count": null,
      "claimed": false,
      "featured": false
    },
    {
      "name": "Dollar General",
      "category": "Variety Store",
      "address": "1025 Pearl Street North, Upper Deerfield, NJ 08302",
      "phone": "",
      "email": "",
      "website": "",
      "hours": "",
      "rating": null,
      "review_count": null,
      "claimed": false,
      "featured": false
    },
    {
      "name": "Dollar Tree",
      "category": "Variety Store",
      "address": "Upper Deerfield, NJ",
      "phone": "",
      "email": "",
      "website": "https://www.dollartree.com/locations/nj/bridgeton/4206/",
      "hours": "Mo-Sa 08:00-22:00; Su 09:00-21:00",
      "rating": null,
      "review_count": null,
      "claimed": false,
      "featured": false
    },
    {
      "name": "Ollie's Bargain Outlet",
      "category": "Variety Store",
      "address": "Upper Deerfield, NJ",
      "phone": "",
      "email": "",
      "website": "",
      "hours": "Su 10:00-19:00; Mo-Sa 09:00-21:00",
      "rating": null,
      "review_count": null,
      "claimed": false,
      "featured": false
    }
  ]
}