{
  "name": "Westampton",
  "state": "New Jersey",
  "state_abbr": "NJ",
  "county": null,
  "population": null,
  "slug": "westampton-nj",
  "businesses": [
    {
      "name": "TD Bank",
      "category": "Bank",
      "address": "Westampton, NJ",
      "phone": "",
      "email": "",
      "website": "",
      "hours": "",
      "rating": null,
      "review_count": null,
      "claimed": false,
      "featured": false
    },
    {
      "name": "Recovery Sports Grill",
      "category": "Bar",
      "address": "109 Hancock Lane, Westampton, NJ 08060",
      "phone": "+1 609-702-3902",
      "email": "",
      "website": "https://www.recoverysportsgrill.com/",
      "hours": "Mo-Th,Su 12:00-22:00; Fr-Sa 12:00-23:00",
      "rating": null,
      "review_count": null,
      "claimed": false,
      "featured": false
    },
    {
      "name": "CarShop",
      "category": "Car Dealership",
      "address": "1971 Burlington-Mount Holly Road, Westampton, NJ 08060",
      "phone": "",
      "email": "",
      "website": "https://carshop.com/locations/carshop-mount-holly",
      "hours": "Mo-Fr 08:00-20:00; Sa 08:00-18:00",
      "rating": null,
      "review_count": null,
      "claimed": false,
      "featured": false
    },
    {
      "name": "Legacy Auto NJ",
      "category": "Car Dealership",
      "address": "Westampton, NJ",
      "phone": "",
      "email": "",
      "website": "",
      "hours": "",
      "rating": null,
      "review_count": null,
      "claimed": false,
      "featured": false
    },
    {
      "name": "CVS Pharmacy",
      "category": "Chemist",
      "address": "71 Springside Road, Westampton, NJ 08060",
      "phone": "+1-609-871-9100",
      "email": "",
      "website": "https://www.cvs.com/store-locator/westampton-nj-pharmacies/71-springside-road-westampton-nj-08060/storeid=2094",
      "hours": "Mo-Su 08:00-22:00",
      "rating": null,
      "review_count": null,
      "claimed": false,
      "featured": false
    },
    {
      "name": "7-Eleven",
      "category": "Convenience Store",
      "address": "Westampton, NJ",
      "phone": "",
      "email": "",
      "website": "",
      "hours": "",
      "rating": null,
      "review_count": null,
      "claimed": false,
      "featured": false
    },
    {
      "name": "Wawa",
      "category": "Convenience Store",
      "address": "Westampton, NJ",
      "phone": "",
      "email": "",
      "website": "",
      "hours": "",
      "rating": null,
      "review_count": null,
      "claimed": false,
      "featured": false
    },
    {
      "name": "Wawa",
      "category": "Convenience Store",
      "address": "76 Springside Road, Westampton, NJ 08060",
      "phone": "+1-609-871-9180",
      "email": "",
      "website": "https://www.wawa.com/locations/8423",
      "hours": "",
      "rating": null,
      "review_count": null,
      "claimed": false,
      "featured": false
    },
    {
      "name": "Wawa",
      "category": "Convenience Store",
      "address": "570 Rancocas Road, Westampton, NJ",
      "phone": "",
      "email": "",
      "website": "",
      "hours": "24/7",
      "rating": null,
      "review_count": null,
      "claimed": false,
      "featured": false
    },
    {
      "name": "Kohl's",
      "category": "Department Store",
      "address": "2703 Route 541, Westampton, NJ 08060",
      "phone": "+1 609-747-1441",
      "email": "",
      "website": "https://www.kohls.com/stores/nj/westampton-316.shtml",
      "hours": "Mo-Sa 09:00-21:00; Su 09:00-20:00",
      "rating": null,
      "review_count": null,
      "claimed": false,
      "featured": false
    },
    {
      "name": "Target",
      "category": "Department Store",
      "address": "2703 Route 541, Westampton, NJ 08016-4175",
      "phone": "+1 609-239-9885",
      "email": "",
      "website": "https://www.target.com/sl/burlington/1158",
      "hours": "08:00-22:00",
      "rating": null,
      "review_count": null,
      "claimed": false,
      "featured": false
    },
    {
      "name": "The Home Depot",
      "category": "Doityourself",
      "address": "2703 Route 541, Westampton, NJ 08060",
      "phone": "+1 609-387-8178",
      "email": "",
      "website": "https://www.homedepot.com/l/burlington/nj/westampton/08060/939",
      "hours": "Mo-Sa 06:00-22:00; Su 08:00-20:00",
      "rating": null,
      "review_count": null,
      "claimed": false,
      "featured": false
    },
    {
      "name": "Burger King",
      "category": "Fast Food",
      "address": "Westampton, NJ",
      "phone": "",
      "email": "",
      "website": "",
      "hours": "",
      "rating": null,
      "review_count": null,
      "claimed": false,
      "featured": false
    },
    {
      "name": "Dunkin'",
      "category": "Fast Food",
      "address": "802 Woodlane Road, Westampton, NJ 08060",
      "phone": "+1 609-261-1104",
      "email": "",
      "website": "https://locations.dunkindonuts.com/en/nj/mount-holly/802-b-woodlane-rd/308103",
      "hours": "04:00-21:00",
      "rating": null,
      "review_count": null,
      "claimed": false,
      "featured": false
    },
    {
      "name": "Dunkin'",
      "category": "Fast Food",
      "address": "2048 Mount Holly Road, Westampton, NJ 08016",
      "phone": "+1 609-320-7651",
      "email": "",
      "website": "https://locations.dunkindonuts.com/en/nj/burlington/2048-mount-holly-road/362672",
      "hours": "05:00-20:00",
      "rating": null,
      "review_count": null,
      "claimed": false,
      "featured": false
    },
    {
      "name": "Dunkin' Donuts",
      "category": "Fast Food",
      "address": "100 Springside Rancocas Road, Westampton, NJ 08060",
      "phone": "+1 609-880-1520",
      "email": "",
      "website": "https://locations.dunkindonuts.com/en/nj/westampton/100-springside-rancocas-rd/340788",
      "hours": "05:00-20:30",
      "rating": null,
      "review_count": null,
      "claimed": false,
      "featured": false
    },
    {
      "name": "McDonald's",
      "category": "Fast Food",
      "address": "1864 Burlington-Mount Holly Road, Westampton, NJ 08060",
      "phone": "+1 609-267-8544",
      "email": "",
      "website": "https://www.mcdonalds.com/us/en-us/location/15472.html",
      "hours": "06:00-22:00",
      "rating": null,
      "review_count": null,
      "claimed": false,
      "featured": false
    },
    {
      "name": "Popeyes",
      "category": "Fast Food",
      "address": "1851 Burlington Mount Holly Road, Westampton, NJ 08060",
      "phone": "+1 609-914-4645",
      "email": "",
      "website": "https://www.popeyes.com/store-locator/store/restaurant_84590",
      "hours": "Mo-Th 10:00-21:30; Fr-Sa 10:00-22:30; Su 10:00-21:30",
      "rating": null,
      "review_count": null,
      "claimed": false,
      "featured": false
    },
    {
      "name": "Lukoil",
      "category": "Gas Station",
      "address": "Westampton, NJ",
      "phone": "",
      "email": "",
      "website": "",
      "hours": "",
      "rating": null,
      "review_count": null,
      "claimed": false,
      "featured": false
    },
    {
      "name": "PertroHub",
      "category": "Gas Station",
      "address": "Westampton, NJ",
      "phone": "",
      "email": "",
      "website": "",
      "hours": "",
      "rating": null,
      "review_count": null,
      "claimed": false,
      "featured": false
    },
    {
      "name": "Shell",
      "category": "Gas Station",
      "address": "Westampton, NJ",
      "phone": "",
      "email": "",
      "website": "",
      "hours": "",
      "rating": null,
      "review_count": null,
      "claimed": false,
      "featured": false
    },
    {
      "name": "Valero",
      "category": "Gas Station",
      "address": "2036 Route 541, Westampton, NJ 08060-4411",
      "phone": "",
      "email": "",
      "website": "https://locations.valero.com/en-us/LocationDetails/Index/2036-ROUTE-541/0000007689",
      "hours": "24/7",
      "rating": null,
      "review_count": null,
      "claimed": false,
      "featured": false
    },
    {
      "name": "Burlington County Human Services Facility",
      "category": "Government",
      "address": "Westampton, NJ",
      "phone": "",
      "email": "",
      "website": "",
      "hours": "",
      "rating": null,
      "review_count": null,
      "claimed": false,
      "featured": false
    },
    {
      "name": "National Weather Service - Philadelphia/Mount Holly, NJ",
      "category": "Government",
      "address": "732 Woodlane Road, Westampton, NJ 08060",
      "phone": "",
      "email": "",
      "website": "",
      "hours": "",
      "rating": null,
      "review_count": null,
      "claimed": false,
      "featured": false
    },
    {
      "name": "Hampton Behavioral Health Center",
      "category": "Hospital",
      "address": "Westampton, NJ",
      "phone": "",
      "email": "",
      "website": "",
      "hours": "",
      "rating": null,
      "review_count": null,
      "claimed": false,
      "featured": false
    },
    {
      "name": "Best Western",
      "category": "Hotel",
      "address": "2020 Route 541, Westampton, NJ 08060-4411",
      "phone": "+1 609-261-3800",
      "email": "",
      "website": "https://www.bestwestern.com/en_US/book/hotels-in-westampton/best-western-burlington-inn/propertyCode.31012.html",
      "hours": "",
      "rating": null,
      "review_count": null,
      "claimed": false,
      "featured": false
    },
    {
      "name": "Comfort Inn",
      "category": "Hotel",
      "address": "2024 Route 541, Westampton, NJ 08060",
      "phone": "+1 609-702-9888",
      "email": "",
      "website": "https://www.choicehotels.com/pennsylvania/trevose/radisson-blu-hotels",
      "hours": "",
      "rating": null,
      "review_count": null,
      "claimed": false,
      "featured": false
    },
    {
      "name": "Courtyard Burlington Mount Holly/Westampton",
      "category": "Hotel",
      "address": "30 Western Drive, Westampton, NJ 08060",
      "phone": "+1 609-261-6161",
      "email": "",
      "website": "https://www.marriott.com/hotels/travel/phlmh-courtyard-burlington-mt.-holly-westampton/",
      "hours": "",
      "rating": null,
      "review_count": null,
      "claimed": false,
      "featured": false
    },
    {
      "name": "Hilton Garden Inn",
      "category": "Hotel",
      "address": "111 Hancock Lane, Westampton, NJ 08060",
      "phone": "+1 609-702-1600",
      "email": "",
      "website": "https://www.hilton.com/en/hotels/ttnmhgi-hilton-garden-inn-mount-holly-westampton/",
      "hours": "",
      "rating": null,
      "review_count": null,
      "claimed": false,
      "featured": false
    },
    {
      "name": "Holiday Inn Express & Suites Burlington - Mount Holly",
      "category": "Hotel",
      "address": "18 Western Drive, Westampton, NJ 08060",
      "phone": "+1 609-702-5800",
      "email": "",
      "website": "https://www.ihg.com/holidayinnexpress/hotels/us/en/westampton/wptnj/hoteldetail",
      "hours": "",
      "rating": null,
      "review_count": null,
      "claimed": false,
      "featured": false
    },
    {
      "name": "Red Roof Inn & Suites Mount Holly - McGuire AFB",
      "category": "Hotel",
      "address": "2015 Burlington-Mount Holly Road, Westampton, NJ 08060",
      "phone": "+1 937-328-1604",
      "email": "",
      "website": "https://www.redroof.com/property/nj/mount-holly/rri306",
      "hours": "",
      "rating": null,
      "review_count": null,
      "claimed": false,
      "featured": false
    },
    {
      "name": "Westampton Liquors",
      "category": "Liquor Store",
      "address": "Westampton, NJ",
      "phone": "",
      "email": "",
      "website": "",
      "hours": "",
      "rating": null,
      "review_count": null,
      "claimed": false,
      "featured": false
    },
    {
      "name": "Verizon",
      "category": "Mobile Phone Store",
      "address": "Westampton, NJ",
      "phone": "",
      "email": "",
      "website": "",
      "hours": "",
      "rating": null,
      "review_count": null,
      "claimed": false,
      "featured": false
    },
    {
      "name": "Red Carpet Inn",
      "category": "Motel",
      "address": "10 Western Drive, Westampton, NJ 08060",
      "phone": "+1 609-702-1000",
      "email": "",
      "website": "https://www.stayhihotels.com/property/red-carpet-inn-mt-holly-nj/",
      "hours": "",
      "rating": null,
      "review_count": null,
      "claimed": false,
      "featured": false
    },
    {
      "name": "Walgreens",
      "category": "Pharmacy",
      "address": "Westampton, NJ",
      "phone": "",
      "email": "",
      "website": "",
      "hours": "",
      "rating": null,
      "review_count": null,
      "claimed": false,
      "featured": false
    },
    {
      "name": "Applebee's",
      "category": "Restaurant",
      "address": "2018 Burlington-Mount Holly Road, Westampton, NJ 08060",
      "phone": "+1 609-265-1616",
      "email": "",
      "website": "https://restaurants.applebees.com/en-us/nj/westampton/2018-burlington-mt.-holly-ro-95058",
      "hours": "Mo-Th,Su 11:00-24:00, Fr-Sa 11:00-01:00",
      "rating": null,
      "review_count": null,
      "claimed": false,
      "featured": false
    },
    {
      "name": "Cracker Barrel",
      "category": "Restaurant",
      "address": "110 Hancock Lane, Westampton, NJ 08060",
      "phone": "+1 609-265-9133",
      "email": "",
      "website": "https://www.crackerbarrel.com/Locations/States/nj/mount-holly/411/",
      "hours": "Mo-Th,Su 07:00-21:00; Fr-Sa 07:00-22:00",
      "rating": null,
      "review_count": null,
      "claimed": false,
      "featured": false
    },
    {
      "name": "Di Francesco Pizza",
      "category": "Restaurant",
      "address": "483 #4 Woodlane Road, Westampton, NJ 08060",
      "phone": "+1-609-871-1850",
      "email": "",
      "website": "https://www.difrancescopizza.com",
      "hours": "Mo-Su 11:00-23:00",
      "rating": null,
      "review_count": null,
      "claimed": false,
      "featured": false
    },
    {
      "name": "Westampton Family Diner",
      "category": "Restaurant",
      "address": "Westampton, NJ",
      "phone": "",
      "email": "",
      "website": "",
      "hours": "",
      "rating": null,
      "review_count": null,
      "claimed": false,
      "featured": false
    },
    {
      "name": "Family Dollar",
      "category": "Variety Store",
      "address": "483 Woodlane Road, Westampton, NJ 08060",
      "phone": "+1 609-326-9288",
      "email": "",
      "website": "https://www.familydollar.com/locations/nj/westampton/30807/",
      "hours": "08:00-22:00",
      "rating": null,
      "review_count": null,
      "claimed": false,
      "featured": false
    }
  ]
}